date,open,high,low,close,volume
2018-10-16,58.56,70.27,58.56,70.27,4199.0
2018-10-17,77.3,77.3,77.3,77.3,1865.0
2018-10-18,85.03,85.03,73.38,80.97,557185.0
2018-10-19,79.5,89.07,79.4,89.07,353192.0
2018-10-22,94.0,97.98,92.01,97.98,176857.0
2018-10-23,102.0,105.8,94.67,94.7,329626.0
2018-10-24,95.39,100.5,95.2,97.05,241499.0
2018-10-25,93.12,101.37,93.12,99.58,193153.0
2018-10-26,99.8,103.0,92.51,97.2,182721.0
2018-10-29,96.5,98.36,94.01,97.52,102860.0
2018-10-30,96.5,99.9,92.71,97.35,140057.0
2018-10-31,97.8,101.94,97.8,99.0,135227.0
2018-11-01,100.98,105.6,99.1,102.33,156641.0
2018-11-02,106.29,107.38,102.67,105.4,162176.0
2018-11-05,104.88,106.57,99.45,102.42,133495.0
2018-11-06,100.7,112.66,99.85,112.66,135297.0
2018-11-07,112.65,113.68,108.7,110.0,115595.0
2018-11-08,112.0,112.99,107.79,109.28,90427.0
2018-11-09,107.5,113.8,107.0,110.78,87032.0
2018-11-12,109.92,112.77,109.17,112.01,79923.0
2018-11-13,110.0,117.0,108.53,110.06,136396.0
2018-11-14,108.03,113.6,108.01,111.86,85021.0
2018-11-15,110.86,112.78,109.2,112.0,67308.0
2018-11-16,112.05,114.0,109.66,110.65,69091.0
2018-11-19,109.01,112.85,108.6,110.15,69281.0
2018-11-20,108.8,110.97,107.0,107.0,54624.0
2018-11-21,106.0,113.03,105.65,111.7,90622.0
2018-11-22,111.35,112.34,110.12,111.51,51972.0
2018-11-23,111.8,113.6,108.0,108.3,59508.0
2018-11-26,109.1,111.29,108.3,109.59,41793.0
2018-11-27,110.66,111.0,104.5,106.56,80217.0
2018-11-28,105.8,110.0,105.2,109.61,55165.0
2018-11-29,111.0,111.97,108.8,108.83,48848.0
2018-11-30,108.8,112.6,108.5,112.5,41346.0
2018-12-03,115.5,123.66,113.34,119.5,93095.0
2018-12-04,118.8,120.87,117.6,119.06,45190.0
2018-12-05,117.0,123.11,116.66,120.68,53748.0
2018-12-06,119.89,121.11,114.0,115.33,82338.0
2018-12-07,115.88,116.25,112.7,114.14,50676.0
2018-12-10,112.88,116.0,112.88,115.12,29843.0
2018-12-11,115.65,116.3,112.5,113.36,40502.0
2018-12-12,113.8,114.64,113.11,113.93,27528.0
2018-12-13,113.9,116.26,113.55,116.2,29267.0
2018-12-14,116.1,116.27,107.81,107.81,72696.0
2018-12-17,106.12,107.0,101.95,106.23,49505.0
2018-12-18,104.11,106.5,103.68,105.4,31324.0
2018-12-19,105.76,106.28,97.77,98.23,76617.0
2018-12-20,98.0,101.4,97.9,100.66,47797.0
2018-12-21,99.77,100.53,98.51,99.32,30283.0
2018-12-24,99.46,104.7,99.46,103.3,36564.0
2018-12-25,102.4,106.99,102.0,105.99,44047.0
2018-12-26,105.99,109.56,105.29,107.3,35333.0
2018-12-27,108.7,109.35,106.82,107.51,41313.0
2018-12-28,107.5,109.63,106.3,109.22,32530.0
2019-01-02,106.45,106.8,99.55,103.78,58987.0
2019-01-03,103.3,105.0,99.96,101.32,38458.0
2019-01-04,100.58,102.85,99.48,101.58,42769.0
2019-01-07,101.06,103.98,100.69,101.73,43458.0
2019-01-08,101.11,101.99,97.78,99.5,52134.0
2019-01-09,99.89,105.29,99.55,102.98,58184.0
2019-01-10,104.3,105.18,102.28,103.32,41362.0
2019-01-11,102.9,105.0,102.4,104.91,20722.0
2019-01-14,104.8,104.8,102.68,104.1,19504.0
2019-01-15,103.88,106.5,103.49,104.98,21138.0
2019-01-16,104.66,106.39,103.81,105.69,20310.0
2019-01-17,105.49,106.45,104.91,105.75,16582.0
2019-01-18,105.39,109.7,105.39,109.5,32790.0
2019-01-21,110.8,114.85,110.36,111.11,42079.0
2019-01-22,111.6,112.38,107.51,108.49,23585.0
2019-01-23,108.48,110.48,108.2,110.27,14602.0
2019-01-24,109.6,110.2,106.78,108.0,24242.0
2019-01-25,108.0,109.43,106.85,106.93,30737.0
2019-01-28,107.39,108.18,106.1,106.31,16112.0
2019-01-29,106.47,106.47,102.51,103.98,32949.0
2019-01-30,103.8,106.95,103.05,106.13,25878.0
2019-01-31,107.44,108.78,104.95,106.73,31387.0
2019-02-01,107.31,111.2,106.85,110.96,30681.0
2019-02-11,111.09,112.77,109.71,112.0,35985.0
2019-02-12,111.8,114.88,111.5,113.82,33888.0
2019-02-13,112.88,114.0,111.75,113.58,34926.0
2019-02-14,113.38,116.91,112.83,115.74,38574.0
2019-02-15,115.21,115.65,112.7,113.15,25781.0
2019-02-18,113.18,115.75,113.18,115.06,35044.0
2019-02-19,115.58,120.3,115.48,115.86,42902.0
2019-02-20,115.61,115.95,111.53,113.0,37983.0
2019-02-21,112.99,113.74,111.32,112.2,32223.0
2019-02-22,112.0,114.6,111.5,114.17,30613.0
2019-02-25,115.03,122.9,115.03,122.85,60222.0
2019-02-26,122.49,122.5,118.65,119.2,49748.0
2019-02-27,118.4,119.3,115.04,115.73,42378.0
2019-02-28,117.25,127.3,116.68,127.3,81554.0
2019-03-01,129.0,131.0,124.81,128.39,58116.0
2019-03-04,129.71,138.8,129.71,132.55,71484.0
2019-03-05,129.8,133.62,129.2,132.6,48340.0
2019-03-06,132.7,134.02,128.45,130.85,53905.0
2019-03-07,129.18,129.22,125.38,127.3,64377.0
2019-03-08,124.0,129.32,123.0,125.81,50197.0
2019-03-11,125.34,132.5,124.0,130.67,50882.0
2019-03-12,130.99,133.0,125.49,128.24,57868.0
2019-03-13,128.51,131.45,126.5,127.28,44560.0
2019-03-14,127.26,132.0,127.0,130.45,39539.0
2019-03-15,131.2,138.88,131.2,135.3,53915.0
2019-03-18,136.5,136.52,127.0,132.0,74860.0
2019-03-19,132.33,134.9,130.61,131.2,37104.0
2019-03-20,130.01,133.5,130.0,132.13,27728.0
2019-03-21,131.9,132.0,129.77,130.21,34742.0
2019-03-22,130.88,131.3,128.9,130.4,21599.0
2019-03-25,127.79,128.45,126.71,127.45,36544.0
2019-03-26,128.22,129.96,126.79,127.98,30826.0
2019-03-27,128.5,130.8,127.28,128.61,21718.0
2019-03-28,127.88,132.2,127.1,130.84,26029.0
2019-03-29,130.84,134.5,130.84,134.3,34503.0
2019-04-01,135.8,139.02,133.9,135.48,48053.0
2019-04-02,135.79,136.0,133.01,133.53,31287.0
2019-04-03,133.3,133.3,130.43,132.55,33322.0
2019-04-04,131.7,133.97,130.6,131.7,24190.0
2019-04-08,132.65,132.69,128.3,128.97,36886.0
2019-04-09,128.08,130.5,128.08,130.15,20489.0
2019-04-10,130.89,132.46,128.51,130.49,37053.0
2019-04-11,130.5,130.87,128.02,128.98,25162.0
2019-04-12,128.98,130.51,128.3,129.31,16839.0
2019-04-15,129.83,130.47,125.38,125.59,34407.0
2019-04-16,125.68,126.81,123.5,126.1,23553.0
2019-04-17,126.4,128.82,126.4,127.77,17233.0
2019-04-18,127.6,128.0,126.9,127.0,9127.0
2019-04-19,126.52,128.39,124.55,127.91,18129.0
2019-04-22,127.86,129.1,126.3,128.0,13615.0
2019-04-23,128.13,132.44,127.8,131.05,34179.0
2019-04-24,131.7,132.58,130.0,131.89,18583.0
2019-04-25,131.89,137.99,131.4,134.08,42650.0
2019-04-26,133.5,137.88,132.7,135.81,30941.0
2019-04-29,135.82,145.01,135.82,140.95,46733.0
2019-04-30,140.5,144.0,139.1,140.84,25037.0
2019-05-06,134.5,135.99,131.0,133.5,46188.0
2019-05-07,134.95,140.6,134.95,136.25,36071.0
2019-05-08,132.5,142.06,132.0,139.4,36155.0
2019-05-09,138.89,140.49,135.86,136.11,26247.0
2019-05-10,138.8,145.52,137.0,144.5,37382.0
2019-05-13,142.7,150.0,142.58,147.63,27984.0
2019-05-14,145.31,147.31,142.64,143.76,30696.0
2019-05-15,143.6,144.2,140.14,143.2,30081.0
2019-05-16,142.98,142.98,139.3,141.7,25721.0
2019-05-17,141.0,144.49,137.8,139.18,23291.0
2019-05-20,139.99,139.99,134.2,137.1,23124.0
2019-05-21,138.1,143.32,137.03,142.78,25257.0
2019-05-22,142.01,143.6,140.51,141.52,11727.0
2019-05-23,141.5,141.5,139.48,139.8,9643.0
2019-05-24,140.05,141.65,138.28,139.69,13237.0
2019-05-27,140.03,143.96,139.0,143.62,14526.0
2019-05-28,143.5,147.71,142.33,147.71,27971.0
2019-05-29,146.01,147.0,144.27,146.51,10888.0
2019-05-30,145.1,148.2,143.56,146.7,16753.0
2019-05-31,147.5,150.97,146.56,148.5,18696.0
2019-06-03,148.98,152.88,148.5,152.8,26663.0
2019-06-04,153.32,154.3,147.78,148.5,27312.0
2019-06-05,150.02,157.66,149.5,154.6,34288.0
2019-06-06,153.0,153.03,148.6,150.0,30859.0
2019-06-10,150.0,154.33,150.0,152.68,13324.0
2019-06-11,152.68,156.1,152.1,156.05,19964.0
2019-06-12,155.0,158.5,153.85,158.0,16525.0
2019-06-13,157.5,158.04,154.2,154.96,19033.0
2019-06-14,154.98,155.77,152.35,153.0,17836.0
2019-06-17,153.14,155.06,150.0,151.6,19353.0
2019-06-18,152.4,154.66,150.51,154.3,16387.0
2019-06-19,157.01,157.8,154.62,155.26,16006.0
2019-06-20,155.75,159.6,154.8,158.75,24784.0
2019-06-21,161.16,162.0,157.39,158.51,37980.0
2019-06-24,158.95,159.54,156.18,159.33,23455.0
2019-06-25,158.14,158.9,155.31,155.69,18208.0
2019-06-26,155.06,159.25,154.82,159.25,18305.0
2019-06-27,159.98,164.6,158.71,163.4,21192.0
2019-06-28,163.45,165.5,162.18,164.2,11748.0
2019-07-01,165.51,169.6,165.51,169.55,18133.0
2019-07-02,170.93,176.58,169.56,175.0,34915.0
2019-07-03,173.9,174.99,164.0,166.8,41046.0
2019-07-04,166.59,167.75,161.01,163.59,29072.0
2019-07-05,163.5,166.28,162.6,165.0,23562.0
2019-07-08,164.01,165.36,161.6,164.0,20354.0
2019-07-09,164.87,164.95,161.8,163.2,10565.0
2019-07-10,163.91,166.4,162.54,166.26,18168.0
2019-07-11,167.51,169.0,163.18,163.89,20703.0
2019-07-12,163.25,165.66,158.99,160.0,26071.0
2019-07-15,160.99,161.47,155.88,160.07,25716.0
2019-07-16,160.07,160.94,153.59,155.43,37659.0
2019-07-17,154.66,159.65,154.66,159.0,24304.0
2019-07-18,159.11,160.9,157.3,158.21,15010.0
2019-07-19,158.77,160.6,157.4,157.6,12928.0
2019-07-22,158.15,160.01,154.37,157.84,13782.0
2019-07-23,158.35,158.84,155.6,156.17,11293.0
2019-07-24,157.45,161.15,155.7,160.0,16989.0
2019-07-25,159.53,164.2,158.05,164.1,26064.0
2019-07-26,163.0,167.21,162.44,165.4,20394.0
2019-07-29,166.5,166.87,161.3,162.0,21926.0
2019-07-30,161.1,165.09,161.06,163.38,12991.0
2019-07-31,162.15,163.59,159.3,159.9,14128.0
2019-08-01,159.12,161.86,157.24,158.78,18461.0
2019-08-02,155.99,160.33,155.3,159.6,14316.0
2019-08-05,158.39,158.98,149.99,154.36,36541.0
2019-08-06,151.0,155.86,150.21,153.81,21934.0
2019-08-07,154.66,158.23,154.03,156.87,17972.0
2019-08-08,158.3,162.65,156.0,161.15,20285.0
2019-08-09,161.99,165.39,160.29,161.37,27473.0
2019-08-12,161.3,163.87,161.0,162.03,12642.0
2019-08-13,162.03,165.18,161.48,164.01,16746.0
2019-08-14,166.0,167.48,164.03,166.08,18448.0
2019-08-15,164.44,167.2,164.0,166.1,10362.0
2019-08-16,167.2,169.95,166.1,167.51,14596.0
2019-08-19,171.34,172.77,168.65,170.3,23624.0
2019-08-20,172.38,172.9,170.0,171.52,13490.0
2019-08-21,171.52,171.98,167.72,169.49,23115.0
2019-08-22,169.46,171.35,168.6,171.12,13823.0
2019-08-23,170.58,176.7,169.5,176.4,22187.0
2019-08-26,174.5,179.5,173.8,175.99,22623.0
2019-08-27,177.0,184.46,177.0,183.6,28766.0
2019-08-28,183.51,185.92,179.49,182.91,19499.0
2019-08-29,182.0,182.39,176.38,180.08,26622.0
2019-08-30,181.0,192.46,179.02,187.35,31853.0
2019-09-02,186.99,193.0,186.05,190.84,17423.0
2019-09-03,190.84,190.84,183.23,185.46,30591.0
2019-09-04,184.48,185.77,180.9,183.86,19533.0
2019-09-05,184.6,186.99,181.33,183.33,26246.0
2019-09-06,183.3,184.83,181.0,184.4,18283.0
2019-09-09,185.1,185.99,182.08,183.28,18177.0
2019-09-10,183.89,183.98,179.26,180.9,21968.0
2019-09-11,182.27,184.17,179.0,181.2,14089.0
2019-09-12,181.21,181.8,179.15,181.26,11426.0
2019-09-16,182.0,183.66,179.3,182.9,15731.0
2019-09-17,182.5,186.5,181.58,182.97,16941.0
2019-09-18,183.87,185.85,182.23,185.66,19301.0
2019-09-19,186.9,187.55,183.16,185.07,13048.0
2019-09-20,184.53,189.39,184.17,188.16,24122.0
2019-09-23,187.91,187.91,182.56,184.36,15693.0
2019-09-24,183.06,189.85,183.0,187.98,19744.0
2019-09-25,187.15,192.1,186.63,190.83,19286.0
2019-09-26,192.16,197.6,190.03,190.88,23888.0
2019-09-27,189.96,193.88,187.34,190.84,17857.0
2019-09-30,190.0,190.0,183.0,185.46,20511.0
2019-10-08,183.0,191.48,182.0,184.49,22732.0
2019-10-09,183.26,188.3,173.48,176.3,40185.0
2019-10-10,178.9,187.52,178.0,186.03,35464.0
2019-10-11,186.46,188.8,182.48,183.36,21751.0
2019-10-14,184.0,187.5,180.04,181.01,35723.0
2019-10-15,180.99,185.5,178.58,180.85,28733.0
2019-10-16,171.0,182.0,171.0,173.13,212950.0
2019-10-17,176.58,181.75,174.85,180.28,178448.0
2019-10-18,181.34,183.99,177.82,177.9,73394.0
2019-10-21,178.29,179.32,173.39,176.18,65499.0
2019-10-22,177.33,178.4,175.1,177.01,58327.0
2019-10-23,177.2,177.42,175.0,175.87,29320.0
2019-10-24,176.0,176.48,170.9,172.91,44643.0
2019-10-25,173.1,178.0,172.1,177.29,55751.0
2019-10-28,177.0,177.99,173.01,177.2,59386.0
2019-10-29,177.76,180.99,176.71,179.58,85884.0
2019-10-30,181.9,182.7,179.0,180.16,80878.0
2019-10-31,181.99,182.15,177.53,179.0,62094.0
2019-11-01,179.98,181.23,179.2,180.8,67133.0
2019-11-04,182.22,191.5,181.31,189.1,126309.0
2019-11-05,190.28,194.69,188.58,193.95,70576.0
2019-11-06,193.81,193.88,189.67,190.31,49241.0
2019-11-07,191.0,196.31,190.31,196.0,52599.0
2019-11-08,197.55,197.6,194.02,195.46,37904.0
2019-11-11,195.46,196.6,189.88,190.3,40644.0
2019-11-12,191.01,194.7,190.11,192.27,39366.0
2019-11-13,192.28,201.25,191.55,198.6,57990.0
2019-11-14,198.63,200.68,197.1,199.0,40905.0
2019-11-15,199.02,201.0,194.11,195.0,46742.0
2019-11-18,193.99,195.95,192.0,195.31,26508.0
2019-11-19,194.5,197.28,193.81,196.02,37380.0
2019-11-20,195.81,199.68,195.5,196.01,41772.0
2019-11-21,195.88,196.0,190.66,191.0,41036.0
2019-11-22,192.5,192.8,179.2,183.69,77549.0
2019-11-25,184.15,186.8,179.55,183.5,47603.0
2019-11-26,185.0,186.6,184.0,185.65,44322.0
2019-11-27,185.25,185.76,180.9,184.01,35946.0
2019-11-28,185.3,188.88,184.51,185.85,42454.0
2019-11-29,184.5,185.85,178.3,180.7,48629.0
2019-12-02,180.9,183.9,179.28,181.35,33513.0
2019-12-03,181.0,181.9,174.67,181.03,55407.0
2019-12-04,180.08,183.0,179.1,182.18,34560.0
2019-12-05,183.3,184.35,182.21,183.3,29641.0
2019-12-06,184.0,187.18,182.11,187.18,42596.0
2019-12-09,186.78,187.78,179.96,182.9,69092.0
2019-12-10,182.5,184.68,181.0,181.6,33499.0
2019-12-11,181.52,181.52,177.8,179.45,54810.0
2019-12-12,179.81,181.87,178.7,181.5,56129.0
2019-12-13,182.3,188.95,181.49,186.3,82404.0
2019-12-16,186.3,187.5,181.21,182.76,59972.0
2019-12-17,182.77,183.66,181.5,182.75,49793.0
2019-12-18,182.98,183.0,178.76,179.48,49892.0
2019-12-19,180.37,180.47,179.06,180.3,18917.0
2019-12-20,180.32,180.72,176.89,177.05,52346.0
2019-12-23,177.31,179.64,175.27,175.55,32160.0
2019-12-24,176.0,178.93,172.58,177.1,47400.0
2019-12-25,176.54,177.48,174.98,176.95,26994.0
2019-12-26,176.94,180.07,176.31,179.15,28340.0
2019-12-27,178.4,180.3,176.38,176.48,28641.0
2019-12-30,176.48,180.0,176.0,179.12,30945.0
2019-12-31,180.11,182.9,179.1,182.9,33624.0
2020-01-02,183.0,183.58,180.66,181.33,36790.0
2020-01-03,183.09,183.09,178.77,179.0,34428.0
2020-01-06,177.96,179.55,177.05,177.62,39597.0
2020-01-07,178.6,181.93,177.62,181.7,35443.0
2020-01-08,180.95,182.97,180.2,181.15,28865.0
2020-01-09,181.25,192.22,181.25,190.86,73483.0
2020-01-10,190.72,191.86,188.01,188.5,36284.0
2020-01-13,189.0,189.85,186.0,189.3,32671.0
2020-01-14,190.35,190.99,186.78,188.0,27935.0
2020-01-15,188.0,190.6,187.58,189.44,33800.0
2020-01-16,189.44,194.9,188.24,193.7,44974.0
2020-01-17,194.08,195.7,191.0,194.05,30569.0
2020-01-20,196.01,196.97,192.18,195.04,38511.0
2020-01-21,195.48,201.2,193.0,194.37,45170.0
2020-01-22,196.0,196.69,189.91,194.27,43898.0
2020-01-23,196.0,196.0,186.94,188.68,43948.0
2020-02-03,188.68,198.28,179.0,187.0,88488.0
2020-02-04,188.87,205.38,188.23,200.99,100563.0
2020-02-05,207.88,220.99,207.0,220.99,110011.0
2020-02-06,230.99,230.99,218.7,222.84,142390.0
2020-02-07,222.9,226.0,213.12,216.87,86639.0
2020-02-10,218.0,227.0,218.0,226.43,94507.0
2020-02-11,225.18,227.5,221.68,224.2,52449.0
2020-02-12,224.0,229.63,222.05,229.0,52875.0
2020-02-13,229.88,231.5,225.0,228.1,43701.0
2020-02-14,227.0,242.0,226.8,237.55,60357.0
2020-02-17,241.58,252.53,241.0,242.35,62915.0
2020-02-18,239.06,245.9,238.99,243.29,38526.0
2020-02-19,240.01,242.98,235.0,235.8,63000.0
2020-02-20,235.8,238.8,234.13,235.99,48463.0
2020-02-21,234.15,243.38,231.07,241.34,65664.0
2020-02-24,243.5,252.54,243.1,251.08,81363.0
2020-02-25,252.0,265.49,249.08,260.38,80600.0
2020-02-26,260.0,260.3,248.3,248.9,79817.0
2020-02-27,249.5,251.9,243.75,246.1,62561.0
2020-02-28,245.0,248.81,238.0,240.0,104828.0
2020-03-02,247.0,248.5,241.01,243.97,63696.0
2020-03-03,260.0,268.27,258.5,262.99,103758.0
2020-03-04,265.0,265.0,252.77,258.01,67065.0
2020-03-05,265.0,271.01,260.1,262.22,70614.0
2020-03-06,256.0,270.5,255.58,264.5,53645.0
2020-03-09,261.79,276.54,259.55,267.7,66851.0
2020-03-10,265.0,268.55,248.06,260.18,98251.0
2020-03-11,260.2,261.88,248.79,250.0,68945.0
2020-03-12,256.68,256.79,242.0,245.2,87440.0
2020-03-13,231.9,253.21,229.33,247.26,96254.0
2020-03-16,251.0,261.41,239.0,241.57,105552.0
2020-03-17,246.74,250.0,231.06,243.5,68529.0
2020-03-18,245.0,246.39,235.2,235.5,70041.0
2020-03-19,233.52,236.9,221.0,227.29,93984.0
2020-03-20,231.1,238.91,229.0,237.0,81864.0
2020-03-23,233.3,248.58,233.0,243.55,92369.0
2020-03-24,251.0,251.0,240.86,244.2,60815.0
2020-03-25,248.82,255.91,248.82,254.88,60961.0
2020-03-26,255.81,271.5,253.22,269.7,91674.0
2020-03-27,274.7,274.87,258.0,263.83,80828.0
2020-03-30,266.0,274.35,258.55,259.69,82111.0
2020-03-31,259.7,266.0,257.2,262.7,59283.0
2020-04-01,264.0,264.8,254.59,255.83,60856.0
2020-04-02,255.83,256.01,248.5,255.1,74541.0
2020-04-03,255.1,262.0,254.08,257.88,74911.0
2020-04-07,261.6,267.68,255.01,265.72,97734.0
2020-04-08,264.46,272.6,261.75,267.98,65026.0
2020-04-09,268.2,276.75,264.9,272.49,68931.0
2020-04-10,268.0,268.22,260.85,262.41,75172.0
2020-04-13,262.51,266.2,259.8,261.7,35269.0
2020-04-14,264.03,264.6,259.5,262.0,52900.0
2020-04-15,263.09,269.5,262.01,265.56,53213.0
2020-04-16,262.95,265.0,258.1,263.5,41950.0
2020-04-17,263.1,264.48,260.0,260.24,55834.0
2020-04-20,261.0,270.5,261.0,266.95,65284.0
2020-04-21,266.97,269.5,264.0,269.02,43293.0
2020-04-22,267.78,274.26,263.08,273.62,47605.0
2020-04-23,274.98,278.76,270.01,271.52,42563.0
2020-04-24,271.53,273.3,266.35,266.67,30544.0
2020-04-27,268.55,275.6,265.36,273.99,41445.0
2020-04-28,274.26,277.02,269.0,275.1,38391.0
2020-04-29,271.52,273.52,263.0,265.7,53422.0
2020-04-30,264.99,265.0,256.0,257.3,79156.0
2020-05-06,254.0,262.94,253.08,261.78,56463.0
2020-05-07,264.3,266.99,260.79,265.7,35143.0
2020-05-08,268.0,269.5,264.38,267.21,36621.0
2020-05-11,269.5,269.95,259.5,261.1,52861.0
2020-05-12,261.1,262.28,259.1,261.28,38298.0
2020-05-13,262.0,269.6,261.28,268.19,57519.0
2020-05-14,268.2,272.19,266.29,268.8,46639.0
2020-05-15,270.3,270.3,259.5,262.68,59427.0
2020-05-18,264.0,270.5,261.08,267.52,75129.0
2020-05-19,270.41,272.88,267.51,272.23,69547.0
2020-05-20,272.5,277.31,264.38,265.52,64248.0
2020-05-21,269.3,291.08,268.27,285.51,124044.0
2020-05-22,285.5,285.53,273.3,276.63,66774.0
2020-05-25,277.5,282.78,271.65,281.5,44502.0
2020-05-26,283.5,288.96,278.52,288.19,51206.0
2020-05-27,287.0,289.5,277.6,279.45,47787.0
2020-05-28,280.52,280.8,270.22,274.2,45100.0
2020-05-29,273.6,281.3,271.6,281.3,43723.0
2020-06-01,281.3,285.05,276.5,283.76,43098.0
2020-06-02,282.4,283.49,275.8,278.16,43033.0
2020-06-03,278.16,283.49,275.83,279.06,44050.0
2020-06-04,279.08,279.8,273.3,276.7,40887.0
2020-06-05,276.7,276.7,273.52,276.33,29914.0
2020-06-08,277.3,278.1,272.16,273.45,56629.0
2020-06-09,272.56,276.4,269.61,275.03,42865.0
2020-06-10,273.6,278.48,273.46,276.33,39299.0
2020-06-11,276.3,281.3,273.8,275.2,50743.0
2020-06-12,272.0,281.68,271.51,280.4,73992.0
2020-06-15,285.5,293.49,284.6,285.21,80363.0
2020-06-16,290.49,292.0,286.5,289.33,57334.0
2020-06-17,289.83,293.46,286.58,287.03,58205.0
2020-06-18,287.38,288.1,280.5,282.24,57377.0
2020-06-19,283.51,299.1,283.5,296.85,92444.0
2020-06-22,299.5,305.45,296.9,300.1,63695.0
2020-06-23,300.12,306.73,298.64,305.06,52543.0
2020-06-24,305.51,310.29,297.63,301.69,64212.0
2020-06-29,303.55,306.48,301.69,304.35,43087.0
2020-06-30,306.12,312.44,305.02,308.2,41213.0
2020-07-01,309.5,312.05,297.62,301.0,62554.0
2020-07-02,297.6,301.37,290.45,293.08,84977.0
2020-07-03,292.64,301.0,288.5,299.19,70618.0
2020-07-06,298.93,298.93,291.7,293.87,104240.0
2020-07-07,293.55,310.21,289.38,302.14,106012.0
2020-07-08,306.04,309.57,302.15,303.72,68543.0
2020-07-09,304.5,324.5,303.95,322.46,109092.0
2020-07-10,322.46,327.48,318.56,321.17,57868.0
2020-07-13,321.0,334.0,319.9,332.0,71961.0
2020-07-14,331.48,337.4,322.5,328.91,56365.0
2020-07-15,340.0,361.48,340.0,349.49,118605.0
2020-07-16,354.46,354.46,329.51,333.2,87934.0
2020-07-17,338.5,353.48,336.5,343.4,77480.0
2020-07-20,346.45,352.36,332.51,340.5,61286.0
2020-07-21,341.5,353.31,335.5,347.25,61369.0
2020-07-22,347.25,357.5,345.21,350.8,58090.0
2020-07-23,347.6,355.2,344.5,355.1,60077.0
2020-07-24,351.5,352.5,331.01,334.89,76844.0
2020-07-27,338.3,344.86,333.0,336.5,52146.0
2020-07-28,341.5,342.49,332.98,342.49,39873.0
2020-07-29,340.5,347.13,338.52,345.48,42904.0
2020-07-30,346.3,349.45,339.51,340.65,43564.0
2020-07-31,340.65,351.0,340.0,349.49,58608.0
2020-08-03,349.49,350.48,344.5,347.46,52972.0
2020-08-04,346.9,351.5,342.5,344.01,44048.0
2020-08-05,342.41,347.87,340.5,346.82,34300.0
2020-08-06,347.17,348.33,335.85,337.5,49621.0
2020-08-07,336.5,340.3,322.5,329.87,52150.0
2020-08-10,327.5,329.45,320.52,325.98,47924.0
2020-08-11,327.5,332.35,319.0,319.0,41142.0
2020-08-12,319.99,322.5,309.27,315.0,52516.0
2020-08-13,318.5,319.08,314.5,315.5,31739.0
2020-08-14,317.66,321.0,313.0,318.22,30633.0
2020-08-17,317.5,319.18,309.4,316.5,44075.0
2020-08-18,316.5,325.99,315.5,321.5,38747.0
2020-08-19,321.0,321.3,311.5,311.5,34191.0
2020-08-20,311.5,317.0,307.61,312.89,30866.0
2020-08-21,316.51,324.27,313.73,320.22,44340.0
2020-08-24,323.25,326.65,317.14,320.28,44783.0
2020-08-25,320.27,327.82,317.69,324.6,47697.0
2020-08-26,324.6,331.5,319.5,319.59,45239.0
2020-08-27,319.78,331.0,319.78,329.8,36891.0
2020-08-28,332.45,344.5,332.32,341.82,67486.0
2020-08-31,345.5,352.0,339.8,344.95,42662.0
2020-09-01,344.5,349.64,342.0,349.35,36187.0
2020-09-02,352.5,353.0,344.36,349.8,35525.0
2020-09-03,349.49,357.5,345.5,346.38,43546.0
2020-09-04,345.5,347.5,334.28,338.5,46083.0
2020-09-07,338.68,342.62,325.6,327.51,39873.0
2020-09-08,327.54,334.78,324.5,331.4,38759.0
2020-09-09,328.14,329.99,313.81,314.62,58443.0
2020-09-10,317.5,330.06,317.13,320.61,45776.0
2020-09-11,322.5,333.07,321.03,331.39,34015.0
2020-09-14,337.1,344.4,333.1,339.33,51149.0
2020-09-15,339.52,342.49,336.94,340.61,28681.0
2020-09-16,342.69,343.49,328.5,330.61,33218.0
2020-09-17,331.7,331.7,316.93,320.05,49399.0
2020-09-18,323.01,326.48,317.3,326.35,31420.0
2020-09-21,326.37,328.5,318.48,322.05,31903.0
2020-09-22,324.4,343.38,321.53,339.5,69840.0
2020-09-23,337.5,341.49,335.17,339.16,30615.0
2020-09-24,336.4,337.46,332.5,333.41,30888.0
2020-09-25,335.35,338.1,330.24,332.5,21987.0
2020-09-28,332.5,337.1,329.91,332.99,27377.0
2020-09-29,336.5,343.5,333.35,341.83,39541.0
2020-09-30,341.84,355.16,341.81,350.5,42654.0
2020-10-09,357.4,365.62,356.53,360.6,39287.0
2020-10-12,363.5,379.3,363.5,379.1,56300.0
2020-10-13,379.48,386.45,374.7,380.0,27821.0
2020-10-14,376.24,384.5,375.38,384.5,30898.0
2020-10-15,374.5,377.7,364.06,374.16,61116.0
2020-10-16,374.0,383.1,373.71,378.0,31155.0
2020-10-19,382.14,382.5,367.7,370.01,37341.0
2020-10-20,374.0,377.0,370.07,374.5,23238.0
2020-10-21,378.5,379.5,366.63,369.05,25705.0
2020-10-22,368.56,371.5,362.5,368.12,25304.0
2020-10-23,366.1,367.39,356.5,357.5,29968.0
2020-10-26,354.51,365.5,351.52,365.5,29707.0
2020-10-27,365.5,369.06,358.8,365.22,30964.0
2020-10-28,367.99,380.3,364.51,376.5,49995.0
2020-10-29,377.5,402.5,376.59,397.5,64582.0
2020-10-30,392.9,397.99,386.65,389.3,43544.0
2020-11-02,392.51,397.99,388.1,395.71,36262.0
2020-11-03,394.5,411.79,393.5,407.81,44432.0
2020-11-04,406.3,411.51,399.75,408.51,35978.0
2020-11-05,410.73,410.81,385.88,393.32,73815.0
2020-11-06,392.5,393.5,368.5,376.85,90467.0
2020-11-09,379.52,385.5,372.5,382.49,57865.0
2020-11-10,370.3,370.3,357.0,357.49,106316.0
2020-11-11,359.9,361.0,350.26,351.7,62640.0
2020-11-12,353.52,355.94,344.38,346.39,65277.0
2020-11-13,345.9,348.8,342.79,346.35,54719.0
2020-11-16,347.5,356.35,342.5,353.84,73421.0
2020-11-17,353.5,353.69,336.61,341.81,64861.0
2020-11-18,342.1,347.47,332.79,337.3,67859.0
2020-11-19,340.2,348.2,334.38,346.33,56199.0
2020-11-20,346.67,355.5,346.67,349.01,41097.0
2020-11-23,350.3,355.5,345.1,351.0,37388.0
2020-11-24,350.5,350.8,340.0,346.1,37088.0
2020-11-25,342.5,343.04,326.52,326.52,88465.0
2020-11-26,329.5,337.5,329.1,336.28,52123.0
2020-11-27,340.5,347.03,338.0,341.11,36031.0
2020-11-30,340.76,348.38,336.5,339.85,47833.0
2020-12-01,342.2,345.21,338.4,343.6,64131.0
2020-12-02,343.6,344.48,336.3,340.5,37462.0
2020-12-03,341.4,348.51,339.15,347.49,59092.0
2020-12-04,344.5,354.0,344.5,352.5,50317.0
2020-12-07,351.3,351.42,340.3,348.12,48571.0
2020-12-08,348.38,359.5,346.67,354.4,50871.0
2020-12-09,355.0,357.39,345.5,345.63,36704.0
2020-12-10,343.51,355.79,342.7,354.03,52145.0
2020-12-11,357.1,366.84,354.9,358.2,57372.0
2020-12-14,360.98,372.5,358.27,370.64,61675.0
2020-12-15,371.5,382.07,369.08,380.5,50799.0
2020-12-16,379.62,383.38,374.0,379.53,40587.0
2020-12-17,380.0,391.0,376.01,384.01,46690.0
2020-12-18,383.42,387.49,376.51,380.57,31256.0
2020-12-21,382.5,398.5,379.18,398.5,50039.0
2020-12-22,398.5,399.5,390.01,390.01,35368.0
2020-12-23,390.5,396.28,383.55,390.81,43350.0
2020-12-24,387.46,396.0,386.55,391.95,25107.0
2020-12-25,390.5,407.51,390.5,405.0,45765.0
2020-12-28,402.5,409.99,399.5,401.9,32148.0
2020-12-29,403.5,405.5,392.66,404.1,31260.0
2020-12-30,404.09,422.5,400.57,420.56,53153.0
2020-12-31,420.63,430.5,418.0,428.5,39683.0
2021-01-04,427.63,452.49,426.7,436.38,55515.0
2021-01-05,431.5,447.3,428.52,438.52,48448.0
2021-01-06,439.5,458.0,439.5,452.3,54066.0
2021-01-07,452.05,459.68,448.4,458.49,44265.0
2021-01-08,464.85,470.76,442.63,452.4,60641.0
2021-01-11,452.5,471.5,446.76,455.7,54542.0
2021-01-12,457.0,463.1,442.68,462.5,49469.0
2021-01-13,458.6,460.5,433.52,435.91,81264.0
2021-01-14,433.51,439.8,427.25,428.49,51168.0
2021-01-15,432.5,447.5,427.51,444.48,61035.0
2021-01-18,444.1,449.5,435.75,442.27,39042.0
2021-01-19,440.87,443.53,423.5,428.41,51851.0
2021-01-20,430.5,452.0,425.56,447.05,49582.0
2021-01-21,452.5,466.01,452.5,459.41,53460.0
2021-01-22,454.5,482.5,454.5,480.68,56868.0
2021-01-25,481.5,498.5,481.5,490.5,58485.0
2021-01-26,482.5,487.4,449.5,455.72,79042.0
2021-01-27,455.71,465.8,438.5,457.2,54358.0
2021-01-28,440.61,461.22,440.61,445.95,32111.0
2021-01-29,452.5,464.99,444.17,450.89,38886.0
2021-02-01,453.3,466.5,451.5,462.6,36716.0
2021-02-02,463.07,466.36,442.5,462.45,48639.0
2021-02-03,461.0,470.6,456.86,462.9,33654.0
2021-02-04,458.53,475.28,452.7,461.61,38861.0
2021-02-05,465.5,492.5,461.53,485.91,41578.0
2021-02-08,484.78,489.92,464.6,489.92,49514.0
2021-02-09,488.54,495.5,479.0,494.11,33697.0
2021-02-10,494.38,503.04,482.51,497.05,44199.0
2021-02-18,503.01,506.01,462.5,469.0,62218.0
2021-02-19,466.7,469.54,447.51,464.14,51070.0
2021-02-22,464.15,464.2,439.52,441.5,74135.0
2021-02-23,432.6,446.35,428.51,435.15,53322.0
2021-02-24,437.5,440.48,416.59,422.5,77410.0
2021-02-25,429.0,434.38,420.55,423.0,43518.0
2021-02-26,415.0,427.5,406.25,420.5,49238.0
2021-03-01,426.7,430.49,409.03,425.2,42664.0
2021-03-02,429.5,433.9,406.1,406.68,61030.0
2021-03-03,404.51,413.48,400.5,407.27,56139.0
2021-03-04,403.51,405.5,386.23,387.87,71551.0
2021-03-05,379.5,394.31,374.5,388.5,57830.0
2021-03-08,391.32,394.28,359.82,359.82,68984.0
2021-03-09,359.55,369.5,349.0,350.72,75040.0
2021-03-10,365.5,377.35,363.5,370.43,70497.0
2021-03-11,372.67,387.5,369.54,374.5,58965.0
2021-03-12,376.5,387.52,373.5,386.53,53771.0
2021-03-15,381.5,381.5,356.5,363.61,69573.0
2021-03-16,367.5,370.5,360.5,368.5,38846.0
2021-03-17,367.55,375.5,357.45,370.71,39847.0
2021-03-18,376.5,387.21,372.76,382.45,39725.0
2021-03-19,374.26,375.5,357.5,363.5,54246.0
2021-03-22,362.65,371.49,359.94,363.7,37399.0
2021-03-23,364.0,379.75,362.61,369.16,39357.0
2021-03-24,368.32,385.5,368.3,378.5,47962.0
2021-03-25,376.5,387.43,372.67,384.87,39075.0
2021-03-26,387.81,393.37,378.5,388.51,60703.0
2021-03-29,388.5,402.29,385.53,395.29,46429.0
2021-03-30,395.71,411.38,393.95,411.38,39517.0
2021-03-31,409.5,409.5,397.51,401.61,46379.0
2021-04-01,403.6,418.5,403.6,411.53,29776.0
2021-04-02,412.29,419.26,405.01,410.05,32872.0
2021-04-06,409.95,410.0,398.2,401.9,30787.0
2021-04-07,402.7,404.3,394.5,399.88,35142.0
2021-04-08,399.5,419.5,395.63,415.71,42944.0
2021-04-09,419.85,422.3,402.53,405.1,31099.0
2021-04-12,404.94,413.49,394.5,395.51,31402.0
2021-04-13,397.5,408.0,397.08,397.79,31085.0
2021-04-14,403.61,412.4,400.51,407.63,36013.0
2021-04-15,402.7,404.93,387.5,400.0,47574.0
2021-04-16,403.0,408.49,395.05,404.7,28988.0
2021-04-19,402.5,414.0,399.5,413.5,34860.0
2021-04-20,413.1,423.51,406.36,415.65,45574.0
2021-04-21,411.61,419.5,409.5,417.08,28600.0
2021-04-22,417.09,418.4,405.35,409.7,39442.0
2021-04-23,411.0,438.23,410.5,437.8,68279.0
2021-04-26,449.5,456.5,439.5,441.5,64287.0
2021-04-27,441.51,453.57,437.63,453.3,43978.0
2021-04-28,453.5,459.89,447.5,458.5,45590.0
2021-04-29,454.3,459.67,446.94,453.8,47882.0
2021-04-30,459.51,468.87,453.81,468.85,47504.0
2021-05-06,457.5,462.46,443.5,451.35,53287.0
2021-05-07,451.35,452.5,428.1,428.51,47066.0
2021-05-10,428.51,440.83,423.5,431.5,36456.0
2021-05-11,430.47,442.7,425.5,438.36,34712.0
2021-05-12,439.28,456.6,436.0,453.38,35415.0
2021-05-13,448.5,456.16,440.65,455.26,36405.0
2021-05-14,450.45,458.18,447.58,452.67,39345.0
2021-05-17,458.51,492.25,458.51,475.8,64069.0
2021-05-18,475.81,488.48,470.37,473.97,30889.0
2021-05-19,472.0,477.62,466.3,467.3,22691.0
2021-05-20,472.5,480.49,468.6,479.01,34622.0
2021-05-21,484.5,486.8,475.08,483.1,38900.0
2021-05-24,484.51,486.47,456.5,474.2,54819.0
2021-05-25,476.94,489.34,475.48,488.09,40675.0
2021-05-26,486.5,491.09,480.06,486.31,26343.0
2021-05-27,487.5,497.55,480.5,497.5,37875.0
2021-05-28,492.0,498.97,485.12,489.53,35783.0
2021-05-31,492.0,492.49,482.23,488.0,28526.0
2021-06-01,489.4,498.37,485.19,497.0,32771.0
2021-06-02,497.0,497.0,476.75,488.0,43245.0
2021-06-03,486.01,489.2,472.11,480.8,32960.0
2021-06-04,480.0,493.0,479.0,489.2,29909.0
2021-06-07,490.01,491.99,480.01,488.3,21778.0
2021-06-08,490.0,494.55,478.02,486.55,27434.0
2021-06-09,486.94,489.0,479.98,483.99,24256.0
2021-06-10,483.84,496.49,483.8,491.1,35856.0
2021-06-11,491.77,493.96,475.0,475.0,48279.0
2021-06-15,475.34,490.0,468.0,471.15,43148.0
2021-06-16,477.15,477.5,447.57,447.57,51955.0
2021-06-17,450.0,464.89,443.26,461.6,41696.0
2021-06-18,461.82,472.53,454.75,460.99,32821.0
2021-06-21,457.0,464.42,451.02,454.92,37456.0
2021-06-22,457.2,484.0,450.15,482.1,60566.0
2021-06-23,482.1,483.8,471.69,473.44,31940.0
2021-06-24,471.54,475.0,455.8,466.92,32555.0
2021-06-25,464.8,476.43,459.17,473.68,32422.0
2021-06-28,474.6,476.44,470.1,474.96,28150.0
2021-06-29,480.01,489.99,473.83,482.84,44385.0
2021-06-30,489.99,491.0,476.19,485.05,27720.0
2021-07-01,483.01,507.0,479.88,500.99,51072.0
2021-07-02,495.0,495.66,456.0,456.08,95293.0
2021-07-05,455.0,466.26,449.0,458.98,46601.0
2021-07-06,461.83,461.83,430.0,439.4,66114.0
2021-07-07,445.0,471.0,442.12,462.65,51670.0
2021-07-08,464.0,464.88,450.01,452.26,41890.0
2021-07-09,446.8,455.96,439.01,449.41,30946.0
2021-07-12,450.14,467.5,446.01,463.61,42008.0
2021-07-13,468.0,468.0,449.0,453.01,31907.0
2021-07-14,453.69,469.78,447.38,461.98,34230.0
2021-07-15,461.99,462.98,451.86,461.98,25663.0
2021-07-16,461.28,462.0,438.0,439.0,51051.0
2021-07-19,439.0,466.0,437.38,463.95,54467.0
2021-07-20,467.01,471.87,451.86,455.35,36407.0
2021-07-21,458.48,463.18,454.02,460.81,41106.0
2021-07-22,465.01,467.88,456.0,457.0,34542.0
2021-07-23,455.5,455.51,430.0,440.0,61734.0
2021-07-26,432.35,433.0,405.5,415.35,85218.0
2021-07-27,411.1,420.85,394.75,396.57,66128.0
2021-07-28,399.78,420.5,396.0,418.99,66298.0
2021-07-29,429.34,440.55,425.0,431.32,56733.0
2021-07-30,431.22,431.22,391.0,395.35,118780.0
2021-08-02,399.49,408.51,374.83,402.8,88065.0
2021-08-03,411.49,416.98,395.0,414.4,61074.0
2021-08-04,394.99,394.99,377.9,385.31,160344.0
2021-08-05,390.1,398.78,375.0,390.74,91029.0
2021-08-06,386.2,393.47,385.0,389.05,53557.0
2021-08-09,389.08,404.0,386.04,391.0,60271.0
2021-08-10,394.99,411.0,383.5,408.4,73798.0
2021-08-11,414.5,414.5,387.3,389.98,56731.0
2021-08-12,389.3,396.0,378.27,380.2,55597.0
2021-08-13,381.24,383.91,365.35,369.9,78229.0
2021-08-16,370.0,375.68,365.08,372.44,48687.0
2021-08-17,372.9,372.9,345.07,349.59,171325.0
2021-08-18,353.11,356.0,346.14,352.2,67367.0
2021-08-19,353.68,358.9,338.6,340.27,98599.0
2021-08-20,324.0,330.0,281.31,283.09,363443.0
2021-08-23,290.11,308.99,286.5,305.7,232413.0
2021-08-24,314.74,315.8,305.0,310.53,126854.0
2021-08-25,317.0,335.0,306.21,323.8,141553.0
2021-08-26,335.0,342.74,321.34,326.45,146689.0
2021-08-27,327.56,339.3,325.14,328.25,96961.0
2021-08-30,332.0,334.8,319.4,324.0,99652.0
2021-08-31,323.9,336.7,320.88,333.0,82423.0
2021-09-01,328.8,341.2,321.1,336.0,85431.0
2021-09-02,336.97,344.99,328.51,329.66,74191.0
2021-09-03,329.41,342.68,322.3,336.2,67107.0
2021-09-06,331.42,369.9,330.1,361.65,104935.0
2021-09-07,359.05,360.7,345.59,350.98,77991.0
2021-09-08,353.51,354.56,330.01,338.0,79966.0
2021-09-09,338.33,344.8,330.81,339.15,61113.0
2021-09-10,339.2,340.7,332.0,336.7,60741.0
2021-09-13,338.7,351.99,338.7,341.34,58930.0
2021-09-14,341.4,350.59,341.12,344.1,43410.0
2021-09-15,342.0,349.97,331.58,333.5,65128.0
2021-09-16,333.0,349.42,329.83,339.01,61295.0
2021-09-17,336.0,374.0,334.5,368.0,99679.0
2021-09-22,367.69,390.66,366.1,384.95,75334.0
2021-09-23,383.38,384.58,370.23,373.18,64295.0
2021-09-24,370.2,390.56,370.2,380.0,69629.0
2021-09-27,383.0,393.77,380.0,383.6,68269.0
2021-09-28,381.45,393.6,379.0,385.0,50681.0
2021-09-29,380.01,385.77,372.5,379.5,36725.0
2021-09-30,379.09,391.78,375.48,390.42,48650.0
2021-10-08,393.7,393.88,373.68,381.35,58239.0
2021-10-11,380.0,391.87,366.31,370.88,56826.0
2021-10-12,375.0,390.9,365.0,381.89,66769.0
2021-10-13,384.67,404.88,380.0,400.02,48852.0
2021-10-14,405.4,405.4,388.33,393.0,33323.0
2021-10-15,385.01,393.71,381.01,383.03,51409.0
2021-10-18,383.72,383.88,370.2,375.0,49875.0
2021-10-19,375.99,383.0,373.0,380.3,33773.0
2021-10-20,379.99,380.04,345.21,361.95,112582.0
2021-10-21,365.0,376.8,363.08,369.05,49192.0
2021-10-22,370.66,378.48,365.01,367.99,37631.0
2021-10-25,370.88,374.92,366.1,372.86,34283.0
2021-10-26,377.2,378.48,372.03,373.0,28766.0
2021-10-27,371.0,372.9,362.14,364.98,33993.0
2021-10-28,365.0,379.0,362.32,367.74,47194.0
2021-10-29,369.43,385.65,366.19,381.09,59745.0
2021-11-01,382.66,382.68,369.2,377.71,43402.0
2021-11-02,377.72,387.0,375.0,380.74,44317.0
2021-11-03,383.5,393.73,378.12,385.72,51904.0
2021-11-04,384.5,395.5,380.0,393.0,50349.0
2021-11-05,390.2,407.18,388.69,403.89,59781.0
2021-11-08,403.0,403.77,376.0,379.7,71562.0
2021-11-09,382.7,383.3,373.9,375.3,43777.0
2021-11-10,377.97,379.49,366.01,371.98,38653.0
2021-11-11,373.0,381.98,370.0,376.24,31502.0
2021-11-12,376.83,378.97,369.57,372.21,33265.0
2021-11-15,371.89,377.32,370.3,371.93,24887.0
2021-11-16,372.03,387.8,372.03,386.1,51387.0
2021-11-17,383.8,393.0,381.55,390.51,33543.0
2021-11-18,388.67,388.67,378.18,380.48,27641.0
2021-11-19,376.0,384.69,376.0,383.1,18696.0
2021-11-22,382.13,382.13,370.1,372.98,42860.0
2021-11-23,372.1,373.68,365.0,366.0,36421.0
2021-11-24,364.71,367.0,356.19,365.79,32403.0
2021-11-25,366.35,369.49,362.0,368.0,26245.0
2021-11-26,368.19,369.99,364.0,366.05,20590.0
2021-11-29,370.1,377.65,359.02,367.08,42979.0
2021-11-30,370.59,370.59,359.5,363.43,33469.0
2021-12-01,362.0,364.99,359.56,363.53,23846.0
2021-12-02,363.53,364.88,350.0,350.4,40727.0
2021-12-03,350.89,359.54,350.89,358.0,33419.0
2021-12-06,355.0,359.14,351.8,352.37,28589.0
2021-12-07,353.0,356.8,351.81,354.11,35987.0
2021-12-08,354.11,360.59,347.5,359.9,39045.0
2021-12-09,361.0,377.21,359.91,376.0,71094.0
2021-12-10,373.99,386.76,372.36,375.59,106658.0
2021-12-13,379.3,387.22,372.07,372.14,52452.0
2021-12-14,376.01,380.82,374.1,376.3,33205.0
2021-12-15,375.33,379.97,363.0,364.0,41332.0
2021-12-16,364.0,370.98,362.92,365.25,28966.0
2021-12-17,367.0,367.99,361.0,361.16,27246.0
2021-12-20,359.5,370.88,359.35,364.0,41379.0
2021-12-21,364.0,378.0,363.0,377.0,38963.0
2021-12-22,379.2,381.76,372.67,375.5,21354.0
2021-12-23,376.0,379.66,370.58,378.5,25193.0
2021-12-24,378.61,379.99,374.11,377.1,18784.0
2021-12-27,377.86,382.8,369.01,376.21,23141.0
2021-12-28,376.2,386.0,373.67,384.0,41843.0
2021-12-29,385.0,386.89,379.21,381.14,25204.0
2021-12-30,383.15,389.0,381.16,388.0,32151.0
2021-12-31,388.0,390.6,383.29,385.8,25697.0
2022-01-04,381.8,382.8,344.0,346.88,116244.0
2022-01-05,346.8,353.88,345.0,350.2,53231.0
2022-01-06,348.0,351.96,336.45,343.0,58144.0
2022-01-07,341.0,344.84,330.0,332.99,59764.0
2022-01-10,335.0,335.03,325.22,331.44,49468.0
2022-01-11,328.0,332.73,317.6,324.0,74515.0
2022-01-12,323.01,342.8,322.0,334.92,74614.0
2022-01-13,335.06,336.48,325.05,328.49,42427.0
2022-01-14,335.0,348.32,335.0,342.8,54918.0
2022-01-17,342.0,350.0,337.0,341.9,29431.0
2022-01-18,343.67,349.78,338.33,345.87,29650.0
2022-01-19,346.69,347.69,339.5,340.22,26517.0
2022-01-20,343.57,363.3,342.91,359.94,54095.0
2022-01-21,358.96,363.0,344.1,347.22,42795.0
2022-01-24,342.0,350.5,340.09,342.48,25131.0
2022-01-25,340.0,350.6,337.36,346.0,30272.0
2022-01-26,347.03,349.85,337.11,338.63,22407.0
2022-01-27,335.0,338.59,328.0,331.01,28569.0
2022-01-28,331.01,335.77,326.96,328.28,28082.0
2022-02-07,337.88,346.0,332.08,333.57,19208.0
2022-02-08,333.49,333.49,315.95,323.11,32228.0
2022-02-09,321.05,325.0,316.0,320.51,31619.0
2022-02-10,320.89,321.63,307.58,314.0,40239.0
2022-02-11,312.15,312.15,300.61,301.5,63417.0
2022-02-14,299.43,306.23,295.8,303.9,49943.0
2022-02-15,299.21,325.98,299.21,323.15,69561.0
2022-02-16,324.65,327.1,318.53,323.74,31915.0
2022-02-17,323.8,326.26,320.55,322.6,25039.0
2022-02-18,320.5,327.99,319.11,324.0,26554.0
2022-02-21,325.47,327.7,322.0,326.0,22962.0
2022-02-22,323.0,325.18,318.2,322.7,23670.0
2022-02-23,323.0,327.58,319.5,324.54,30515.0
2022-02-24,326.0,326.0,313.45,318.8,31489.0
2022-02-25,319.5,338.0,319.38,330.91,47942.0
2022-02-28,328.1,333.8,323.01,332.11,29946.0
2022-03-01,332.49,336.95,325.88,332.0,30417.0
2022-03-02,331.99,332.0,323.3,327.2,24657.0
2022-03-03,327.2,334.74,323.7,325.29,20043.0
2022-03-04,322.0,325.0,315.8,318.26,33403.0
2022-03-07,315.1,317.84,308.0,309.8,36495.0
2022-03-08,311.03,317.54,301.01,301.52,43247.0
2022-03-09,301.1,304.58,282.3,291.96,63525.0
2022-03-10,302.72,304.0,296.23,302.39,44592.0
2022-03-11,296.99,314.12,292.0,311.7,55240.0
2022-03-14,315.3,325.65,310.0,313.21,63901.0
2022-03-15,316.2,316.2,297.8,298.32,46845.0
2022-03-16,300.18,309.0,293.0,307.0,47087.0
2022-03-17,313.99,331.32,308.39,326.0,69830.0
2022-03-18,322.79,329.73,320.23,322.12,50384.0
2022-03-21,325.68,325.9,311.96,316.0,39418.0
2022-03-22,315.98,315.98,306.67,309.58,27942.0
2022-03-23,312.9,316.65,309.68,314.81,37521.0
2022-03-24,312.15,323.93,307.0,320.0,39469.0
2022-03-25,317.74,318.34,304.98,305.0,38827.0
2022-03-28,302.5,302.59,294.24,295.5,33325.0
2022-03-29,297.01,299.69,291.0,293.42,27655.0
2022-03-30,296.5,313.0,292.4,312.2,45984.0
2022-03-31,310.1,314.47,309.01,312.25,26281.0
2022-04-01,308.5,317.0,305.38,310.96,28204.0
2022-04-06,309.1,311.98,301.64,306.46,23333.0
2022-04-07,304.01,310.99,303.21,308.4,22005.0
2022-04-08,308.5,318.23,307.11,312.99,28419.0
2022-04-11,312.08,319.6,307.05,317.9,46690.0
2022-04-12,319.22,333.53,316.6,329.84,64455.0
2022-04-13,329.22,338.5,327.07,330.89,49934.0
2022-04-14,328.1,337.0,326.5,334.0,37767.0
2022-04-15,333.0,350.5,331.0,345.8,44897.0
2022-04-18,343.0,346.93,338.17,340.84,25315.0
2022-04-19,340.0,341.88,329.12,333.31,39209.0
2022-04-20,332.99,332.99,303.28,304.7,83658.0
2022-04-21,303.25,307.2,294.28,296.66,50801.0
2022-04-22,295.0,309.95,293.02,307.0,47704.0
2022-04-25,301.64,314.5,300.18,303.45,39565.0
2022-04-26,304.0,328.0,304.0,323.0,59648.0
2022-04-27,322.97,331.77,317.77,324.0,43578.0
2022-04-28,324.0,325.97,318.69,324.0,28362.0
2022-04-29,320.16,323.06,313.53,317.5,47221.0
2022-05-05,324.84,328.8,311.65,321.97,37473.0
2022-05-06,315.49,318.99,309.29,311.0,24879.0
2022-05-09,314.9,315.66,304.63,311.01,19178.0
2022-05-10,308.0,312.9,299.22,308.1,35356.0
2022-05-11,308.0,315.8,305.11,311.5,43988.0
2022-05-12,309.0,312.4,306.02,310.71,35234.0
2022-05-13,314.95,320.34,308.0,310.5,29617.0
2022-05-16,312.5,312.88,302.0,303.11,31064.0
2022-05-17,305.36,311.25,302.0,307.8,25441.0
2022-05-18,307.43,307.98,302.57,306.16,24890.0
2022-05-19,303.491,312.371,303.491,310.521,22656.0
2022-05-20,313.471,318.451,309.991,313.041,29759.0
2022-05-23,315.491,315.491,307.001,308.231,24047.0
2022-05-24,307.291,307.491,296.991,298.991,35256.0
2022-05-25,298.991,305.481,295.601,300.091,27602.0
2022-05-26,300.541,300.781,288.491,291.791,44667.0
2022-05-27,296.231,308.051,294.521,303.421,51770.0
2022-05-30,303.491,306.271,296.801,302.491,30709.0
2022-05-31,302.491,311.301,297.071,310.991,41046.0
2022-06-01,308.991,314.171,308.491,312.021,30570.0
2022-06-02,309.991,311.291,304.011,306.491,27237.0
2022-06-06,306.511,312.491,301.071,311.491,37719.0
2022-06-07,312.481,323.491,311.501,321.211,42051.0
2022-06-08,322.481,326.391,315.991,321.191,39539.0
2022-06-09,318.541,321.541,310.861,313.251,33428.0
2022-06-10,311.171,316.991,308.991,315.041,44291.0
2022-06-13,310.241,312.711,303.671,305.931,47254.0
2022-06-14,305.441,308.441,300.841,306.481,25241.0
2022-06-15,307.491,313.991,306.161,308.661,37183.0
2022-06-16,308.991,317.491,308.491,312.491,34500.0
2022-06-17,309.541,318.101,305.491,316.081,53709.0
2022-06-20,316.301,327.141,315.511,321.831,50862.0
2022-06-21,319.151,328.491,317.091,323.841,35276.0
2022-06-22,325.451,326.631,320.471,320.611,27729.0
2022-06-23,322.361,324.491,314.791,319.151,41310.0
2022-06-24,321.391,330.031,317.811,327.791,47087.0
2022-06-27,330.691,336.171,326.491,328.391,42714.0
2022-06-28,328.491,328.491,321.591,325.371,35892.0
2022-06-29,322.711,326.441,320.491,320.491,36430.0
2022-06-30,321.171,324.591,314.151,321.691,48791.0
2022-07-01,321.641,326.671,315.451,320.531,39326.0
2022-07-04,320.531,347.461,320.411,343.491,100328.0
2022-07-05,349.291,354.991,336.711,343.891,77244.0
2022-07-06,348.291,350.291,330.891,332.491,67909.0
2022-07-07,332.491,333.421,319.991,324.271,63985.0
2022-07-08,325.891,328.851,320.741,325.151,37986.0
2022-07-11,327.571,330.881,322.561,328.171,64607.0
2022-07-12,329.091,330.171,320.891,320.891,40934.0
2022-07-13,320.891,325.991,318.491,324.491,38525.0
2022-07-14,326.491,334.431,323.891,332.481,47596.0
2022-07-15,329.591,336.191,324.491,325.541,32190.0
2022-07-18,325.541,326.441,314.541,318.491,55529.0
2022-07-19,321.101,321.221,303.511,309.941,90926.0
2022-07-20,311.481,314.371,307.351,310.391,45913.0
2022-07-21,310.391,320.011,307.531,314.961,59735.0
2022-07-22,315.961,320.991,310.351,311.781,37121.0
2022-07-25,311.771,314.891,308.291,311.481,27463.0
2022-07-26,314.841,317.991,312.291,315.601,32632.0
2022-07-27,316.561,318.401,309.591,310.491,40091.0
2022-07-28,310.491,312.431,301.491,301.991,75429.0
2022-07-29,302.581,303.461,296.561,297.991,46909.0
2022-08-01,298.921,303.041,293.591,300.491,32220.0
2022-08-02,298.501,302.151,294.161,296.491,37140.0
2022-08-03,298.491,300.991,295.151,298.691,30580.0
2022-08-04,299.241,303.821,297.711,301.391,27591.0
2022-08-05,302.561,308.781,301.511,307.661,40809.0
2022-08-08,306.301,312.351,305.661,310.191,25885.0
2022-08-09,308.591,310.991,305.491,308.471,17852.0
2022-08-10,307.951,309.521,302.121,304.261,22553.0
2022-08-11,305.601,312.471,304.521,310.701,27096.0
2022-08-12,310.191,316.291,308.501,314.641,26098.0
2022-08-15,314.541,316.461,306.161,307.781,30954.0
2022-08-16,308.191,313.471,305.491,306.991,24227.0
2022-08-17,307.551,310.791,304.541,308.991,19892.0
2022-08-18,307.841,308.951,302.191,303.891,26082.0
2022-08-19,301.991,302.091,296.641,297.991,35712.0
2022-08-22,302.291,313.491,300.041,307.521,63147.0
2022-08-23,309.411,309.411,299.691,303.891,47228.0
2022-08-24,301.841,304.441,300.501,302.301,18282.0
2022-08-25,302.401,303.491,296.991,300.971,32803.0
2022-08-26,303.291,306.711,301.491,303.561,25720.0
2022-08-29,298.991,303.401,296.991,298.681,27925.0
2022-08-30,299.011,300.451,294.061,297.491,21385.0
2022-08-31,297.091,307.861,295.611,306.991,44927.0
2022-09-01,302.561,308.461,301.571,303.491,29085.0
2022-09-02,304.171,309.391,302.591,304.491,22093.0
2022-09-05,309.391,311.451,300.641,304.861,39654.0
2022-09-06,303.531,304.491,299.071,300.491,23204.0
2022-09-07,298.671,302.471,297.941,298.921,21132.0
2022-09-08,300.131,300.451,297.071,297.371,17782.0
2022-09-09,300.491,310.491,298.691,307.951,62890.0
2022-09-13,308.491,319.771,307.591,310.501,41665.0
2022-09-14,306.501,314.071,305.701,312.491,33284.0
2022-09-15,312.491,315.391,308.821,310.791,28888.0
2022-09-16,310.501,311.991,305.761,306.791,33382.0
2022-09-19,306.771,308.991,299.831,301.011,27711.0
2022-09-20,300.801,302.491,291.251,292.991,44549.0
2022-09-21,292.491,292.611,268.481,272.491,101852.0
2022-09-22,269.291,273.871,266.491,269.441,51705.0
2022-09-23,268.491,270.491,263.281,264.381,47136.0
2022-09-26,263.791,273.991,261.861,271.041,41236.0
2022-09-27,273.701,291.991,268.601,290.991,78992.0
2022-09-28,290.461,302.991,288.501,294.481,75760.0
2022-09-29,300.191,309.321,297.591,304.541,77958.0
2022-09-30,308.481,310.371,301.541,307.491,57896.0
2022-10-10,309.491,320.491,306.491,307.791,77295.0
2022-10-11,311.981,313.791,305.431,310.261,51694.0
2022-10-12,306.491,312.471,303.681,308.711,41888.0
2022-10-13,308.491,314.151,303.591,307.841,40269.0
2022-10-14,315.821,357.491,315.801,348.661,199179.0
2022-10-17,348.491,355.491,335.151,338.491,120849.0
2022-10-18,338.471,343.971,333.961,339.931,69487.0
2022-10-19,336.381,340.481,334.941,336.501,56007.0
2022-10-20,338.751,347.991,334.001,339.411,62800.0
2022-10-21,334.561,341.571,333.191,340.041,39929.0
2022-10-24,335.391,338.491,324.491,333.191,62776.0
2022-10-25,334.831,336.471,316.591,322.211,85377.0
2022-10-26,324.991,339.491,321.671,334.491,83148.0
2022-10-27,336.991,340.841,331.091,335.491,46595.0
2022-10-28,332.491,342.491,330.291,331.001,37015.0
2022-10-31,326.161,340.991,325.541,333.931,58647.0
2022-11-01,336.611,340.481,322.491,334.331,71548.0
2022-11-02,328.491,339.671,326.791,334.901,78424.0
2022-11-03,334.901,337.361,326.591,331.421,39444.0
2022-11-04,331.491,341.471,325.541,327.341,102641.0
2022-11-07,325.331,330.481,321.991,325.481,58938.0
2022-11-08,326.461,327.451,319.811,323.091,36680.0
2022-11-09,321.491,322.491,313.491,314.991,46115.0
2022-11-10,312.501,316.981,308.251,310.591,37606.0
2022-11-11,319.661,320.291,308.511,310.801,87076.0
2022-11-14,316.851,329.741,316.531,327.491,92585.0
2022-11-15,326.491,328.481,316.941,325.431,52692.0
2022-11-16,324.491,334.011,320.501,327.371,42477.0
2022-11-17,324.791,328.971,319.291,322.411,35867.0
2022-11-18,338.491,351.491,327.501,335.011,96178.0
2022-11-21,329.501,334.971,324.821,333.491,45381.0
2022-11-22,334.991,336.991,328.081,330.351,47228.0
2022-11-23,331.491,331.491,321.291,325.421,34580.0
2022-11-24,325.511,332.691,324.491,330.661,31343.0
2022-11-25,330.661,338.691,324.991,337.501,43962.0
2022-11-28,332.281,337.471,327.571,334.491,31907.0
2022-11-29,337.491,341.751,326.571,333.031,62012.0
2022-11-30,331.991,335.991,327.311,333.091,40085.0
2022-12-01,341.481,345.071,334.901,344.141,66952.0
2022-12-02,340.541,346.741,336.491,336.491,40059.0
2022-12-05,339.491,343.151,333.111,334.491,53688.0
2022-12-06,335.991,339.481,330.691,333.551,38103.0
2022-12-07,330.171,332.921,320.491,321.591,76379.0
2022-12-08,324.991,325.791,317.701,322.491,43677.0
2022-12-09,322.881,323.491,311.851,319.931,86942.0
2022-12-12,320.491,326.491,320.391,323.941,46123.0
2022-12-13,325.491,325.491,318.721,320.911,32875.0
2022-12-14,323.291,323.491,316.291,317.291,37545.0
2022-12-15,315.491,318.291,313.091,316.491,22900.0
2022-12-16,316.491,319.251,313.001,319.251,27202.0
2022-12-19,319.731,321.241,315.561,316.201,28184.0
2022-12-20,316.231,318.181,311.311,311.491,33316.0
2022-12-21,313.481,316.441,311.611,315.491,23695.0
2022-12-22,317.491,320.891,313.501,316.921,30148.0
2022-12-23,316.391,326.541,314.821,324.491,32214.0
2022-12-26,327.491,328.491,322.391,322.891,21999.0
2022-12-27,324.491,326.381,318.501,321.691,30524.0
2022-12-28,322.091,327.291,320.611,325.681,43057.0
2022-12-29,324.001,327.511,322.991,326.771,28128.0
2022-12-30,327.491,328.361,322.291,324.461,32727.0
2023-01-03,324.461,325.491,317.491,319.851,44686.0
2023-01-04,319.791,329.171,318.571,326.941,42264.0
2023-01-05,329.481,331.981,323.691,328.641,51289.0
2023-01-06,329.611,332.451,324.491,326.591,43646.0
2023-01-09,326.671,329.261,324.461,327.131,35314.0
2023-01-10,328.491,338.491,325.941,336.581,46331.0
2023-01-11,336.501,337.471,331.991,333.211,25370.0
2023-01-12,336.491,336.491,328.701,330.291,27873.0
2023-01-13,331.491,339.311,328.681,339.311,39032.0
2023-01-16,341.221,356.791,340.521,350.371,63364.0
2023-01-17,349.841,352.421,346.901,347.821,26977.0
2023-01-18,348.511,350.091,344.231,345.601,19927.0
2023-01-19,348.471,352.731,344.671,350.001,35575.0
2023-01-20,351.261,353.491,348.041,349.541,30152.0
2023-01-30,361.491,361.491,346.541,347.851,50097.0
2023-01-31,349.491,349.681,339.991,341.131,33477.0
2023-02-01,342.991,343.281,335.401,339.481,27089.0
2023-02-02,341.471,341.491,333.771,337.501,39942.0
2023-02-03,336.221,336.971,330.941,334.011,31995.0
2023-02-06,325.601,329.011,322.471,324.981,47712.0
2023-02-07,328.141,328.991,323.841,325.681,24123.0
2023-02-08,327.291,334.011,325.701,328.491,36968.0
2023-02-09,328.491,336.061,327.091,335.491,32140.0
2023-02-10,335.321,336.951,330.351,332.651,20147.0
2023-02-13,330.621,332.501,327.171,329.051,40173.0
2023-02-14,334.491,335.271,329.611,335.271,26110.0
2023-02-15,335.491,337.891,331.931,333.441,21126.0
2023-02-16,334.491,335.431,330.071,331.141,22756.0
2023-02-17,329.571,333.261,327.151,327.471,23063.0
2023-02-20,326.541,335.091,324.541,334.671,33250.0
2023-02-21,333.471,334.171,327.591,330.981,25537.0
2023-02-22,330.491,332.091,323.991,325.961,34768.0
2023-02-23,323.991,327.181,323.991,324.611,20137.0
2023-02-24,323.491,325.791,322.991,323.531,16443.0
2023-02-27,322.911,323.991,317.491,320.961,25895.0
2023-02-28,321.271,328.441,321.271,322.511,28280.0
2023-03-01,323.491,325.471,319.501,324.981,23526.0
2023-03-02,321.511,325.091,319.071,319.891,19635.0
2023-03-03,322.471,324.241,318.591,321.591,16679.0
2023-03-06,321.411,322.591,318.491,321.501,20725.0
2023-03-07,320.491,321.991,315.491,316.491,26127.0
2023-03-08,314.551,318.371,313.491,314.581,20052.0
2023-03-09,314.491,317.091,311.951,312.101,22839.0
2023-03-10,312.101,320.481,311.491,318.251,31115.0
2023-03-13,318.871,321.821,316.171,317.501,28693.0
2023-03-14,317.441,321.621,316.671,317.221,15143.0
2023-03-15,322.051,322.491,316.671,316.891,18027.0
2023-03-16,315.891,325.161,315.501,322.581,29795.0
2023-03-17,323.481,325.491,305.721,307.441,74715.0
2023-03-20,307.441,311.371,302.891,303.891,36434.0
2023-03-21,306.261,315.291,305.501,313.991,34982.0
2023-03-22,316.231,318.381,311.501,317.091,24347.0
2023-03-23,315.741,321.371,315.571,320.371,18068.0
2023-03-24,319.051,322.191,312.491,312.491,24888.0
2023-03-27,312.491,317.191,309.491,313.991,26559.0
2023-03-28,314.491,316.691,310.541,316.121,22747.0
2023-03-29,318.721,319.491,314.891,316.491,20530.0
2023-03-30,317.491,324.431,315.521,321.951,31212.0
2023-03-31,323.231,323.961,319.691,320.201,22558.0
2023-04-03,320.201,320.441,310.491,311.591,38523.0
2023-04-04,311.991,313.991,308.701,312.611,29753.0
2023-04-06,312.431,313.491,309.791,311.551,20474.0
2023-04-07,308.801,319.261,308.801,317.491,26046.0
2023-04-10,317.591,323.291,316.601,320.391,27443.0
2023-04-11,323.991,323.991,318.161,318.271,24108.0
2023-04-12,318.901,320.431,316.161,316.841,24921.0
2023-04-13,315.491,324.041,312.691,321.851,44449.0
2023-04-14,323.491,324.291,320.411,320.991,24223.0
2023-04-17,320.371,323.991,316.681,321.751,32793.0
2023-04-18,321.491,325.391,320.181,323.001,24104.0
2023-04-19,322.351,326.991,321.571,326.141,33047.0
2023-04-20,327.491,327.691,316.751,317.521,31811.0
2023-04-21,317.511,318.241,307.371,309.991,46073.0
2023-04-24,312.401,312.771,307.551,309.991,34182.0
2023-04-25,309.491,312.361,307.991,311.211,28721.0
2023-04-26,308.491,313.281,307.621,308.991,32172.0
2023-04-27,308.991,318.481,305.691,317.491,37516.0
2023-04-28,320.391,320.491,315.591,320.391,46720.0
2023-05-04,322.771,323.491,317.631,323.491,38645.0
2023-05-05,323.491,325.001,320.151,322.851,27891.0
2023-05-08,323.851,324.351,306.501,309.631,63465.0
2023-05-09,308.491,316.491,307.021,312.691,43809.0
2023-05-10,314.491,317.341,307.201,315.811,33262.0
2023-05-11,313.911,316.991,311.601,312.531,21515.0
2023-05-12,313.491,319.821,311.651,315.281,25588.0
2023-05-15,315.321,318.481,313.601,318.431,22309.0
2023-05-16,320.491,321.481,316.741,319.091,24577.0
2023-05-17,319.181,321.091,317.191,318.041,17967.0
2023-05-18,318.041,319.491,314.391,315.951,21214.0
2023-05-19,315.581,322.261,314.501,319.541,24192.0
2023-05-22,321.941,323.521,319.541,321.491,19532.0
2023-05-23,323.491,323.991,319.701,319.871,19076.0
2023-05-24,321.691,323.181,317.071,320.491,25654.0
2023-05-25,320.361,323.941,318.241,323.201,26408.0
2023-05-26,323.891,333.491,322.501,325.851,33633.0
2023-05-29,326.371,327.291,319.491,325.011,38451.0
2023-05-30,327.191,327.191,317.991,320.591,25685.0
2023-05-31,320.601,320.881,311.991,313.571,37904.0
2023-06-01,313.981,315.681,310.151,312.031,23478.0
2023-06-02,313.491,316.631,312.491,314.571,24893.0
2023-06-05,315.491,318.891,313.481,314.391,18991.0
2023-06-06,315.971,316.881,312.071,312.991,30264.0
2023-06-07,314.241,316.491,307.081,307.971,34407.0
2023-06-08,309.101,310.871,303.681,306.991,28062.0
2023-06-09,308.871,316.231,306.641,314.991,42385.0
2023-06-12,313.891,314.591,310.991,312.341,19328.0
2023-06-13,311.871,316.241,311.101,315.271,20973.0
2023-06-14,315.991,317.941,312.291,312.601,20603.0
2023-06-15,314.631,316.171,311.281,315.291,29028.0
2023-06-16,315.981,319.981,314.091,319.201,25556.0
2023-06-19,318.091,320.761,313.281,316.781,20658.0
2023-06-20,316.891,317.491,314.541,316.121,13973.0
2023-06-21,314.441,316.091,311.991,312.091,22347.0
2023-06-26,310.991,312.891,308.491,311.591,22045.0
2023-06-27,313.491,314.471,309.971,310.611,20507.0
2023-06-28,311.021,314.671,308.771,312.811,19542.0
2023-06-29,313.491,314.431,310.991,311.771,21447.0
2023-06-30,311.491,315.331,308.591,312.791,25264.0
2023-07-03,311.991,313.971,309.791,313.191,18555.0
2023-07-04,311.991,313.971,309.191,310.511,25093.0
2023-07-05,310.281,310.291,307.891,309.311,21358.0
2023-07-06,308.491,310.541,307.051,307.901,23848.0
2023-07-07,306.671,307.911,303.671,304.631,27965.0
2023-07-10,306.491,310.571,305.791,306.171,17398.0
2023-07-11,308.961,310.471,306.351,307.701,14191.0
2023-07-12,307.951,311.191,307.381,310.451,20679.0
2023-07-13,311.631,313.731,310.011,313.241,26220.0
2023-07-14,313.061,314.441,311.971,314.441,17185.0
2023-07-17,314.651,314.761,310.991,312.601,8035.0
2023-07-18,314.491,314.491,309.271,310.891,23703.0
2023-07-19,308.991,312.971,308.991,310.511,18036.0
2023-07-20,312.491,314.991,311.941,313.831,19137.0
2023-07-21,312.051,314.331,311.821,312.901,16921.0
2023-07-24,311.001,314.491,309.601,310.711,21071.0
2023-07-25,312.991,313.491,309.331,313.481,33452.0
2023-07-26,312.011,317.011,311.991,316.391,21756.0
2023-07-27,316.991,317.991,313.971,317.191,21174.0
2023-07-28,316.491,322.671,315.551,321.851,32872.0
2023-07-31,327.991,328.021,307.641,308.991,109512.0
2023-08-01,312.991,315.491,306.101,308.231,86624.0
2023-08-02,308.891,310.991,307.401,309.031,34481.0
2023-08-03,308.691,309.001,307.001,307.541,40517.0
2023-08-04,307.991,308.791,296.361,299.071,114437.0
2023-08-07,294.921,295.991,280.991,281.801,176933.0
2023-08-08,278.011,287.651,277.991,283.451,107273.0
2023-08-09,286.391,286.391,281.661,284.241,87218.0
2023-08-10,283.991,284.851,280.671,283.201,59016.0
2023-08-11,282.991,284.581,279.071,279.291,46060.0
2023-08-14,276.431,285.081,276.291,282.611,56207.0
2023-08-15,281.541,283.181,279.391,280.921,46170.0
2023-08-16,280.991,288.791,279.861,284.741,65228.0
2023-08-17,283.021,287.161,282.791,286.491,46974.0
2023-08-18,285.291,288.331,282.491,284.791,42398.0
2023-08-21,283.451,287.791,278.611,283.181,48618.0
2023-08-22,285.991,286.261,280.381,282.741,43114.0
2023-08-23,281.991,285.001,279.361,279.901,37472.0
2023-08-24,278.511,288.741,278.511,287.991,57968.0
2023-08-25,287.891,295.981,286.891,290.981,84102.0
2023-08-28,307.021,307.771,289.041,295.421,78446.0
2023-08-29,295.371,295.371,282.881,284.591,130279.0
2023-08-30,285.991,286.491,279.491,281.991,80514.0
2023-08-31,280.611,284.991,280.611,282.991,49941.0
2023-09-01,283.461,283.991,279.001,282.291,36714.0
2023-09-04,284.431,284.431,281.001,281.591,45667.0
2023-09-05,281.291,281.391,278.591,280.481,46567.0
2023-09-06,279.871,280.501,277.001,277.991,49646.0
2023-09-07,277.101,277.791,269.501,270.671,82205.0
2023-09-08,270.671,273.921,269.041,272.741,31970.0
2023-09-11,270.991,282.991,270.991,282.901,108143.0
2023-09-12,281.881,282.291,279.101,280.081,33014.0
2023-09-13,280.991,281.491,276.991,279.571,31393.0
2023-09-14,280.191,282.991,278.571,282.091,44847.0
2023-09-15,282.091,290.991,279.491,290.181,99963.0
2023-09-18,289.991,293.991,288.091,290.991,53069.0
2023-09-19,289.991,292.451,287.891,291.851,33984.0
2023-09-20,290.001,291.521,286.681,289.111,33891.0
2023-09-21,287.001,288.591,285.241,286.181,31183.0
2023-09-22,287.291,287.291,283.711,286.201,36140.0
2023-09-25,287.201,290.591,285.891,289.291,38793.0
2023-09-26,287.991,288.981,284.551,285.361,29914.0
2023-09-27,286.491,287.691,282.531,283.671,49856.0
2023-09-28,284.561,284.981,282.191,282.801,31750.0
2023-10-09,281.991,286.981,281.011,285.141,35494.0
2023-10-10,287.141,289.481,284.571,284.571,31113.0
2023-10-11,286.991,287.871,283.511,284.691,40580.0
2023-10-12,287.391,287.981,285.011,286.661,25042.0
2023-10-13,285.201,285.981,283.001,284.201,23464.0
2023-10-16,285.141,285.291,280.491,280.891,29356.0
2023-10-17,292.951,292.951,276.101,279.871,37022.0
2023-10-18,277.601,279.981,275.871,277.521,31557.0
2023-10-19,275.471,276.991,272.591,273.261,32387.0
2023-10-20,272.071,274.331,269.401,270.391,24982.0
2023-10-23,270.281,274.021,268.511,272.201,22046.0
2023-10-24,272.241,274.871,270.671,272.991,27752.0
2023-10-25,275.641,275.671,269.291,270.691,30777.0
2023-10-26,271.561,274.691,266.471,269.791,34141.0
2023-10-27,268.561,278.891,268.561,278.841,58510.0
2023-10-30,280.991,297.241,280.991,296.071,97244.0
2023-10-31,295.391,300.321,294.301,299.011,52917.0
2023-11-01,297.051,298.491,294.091,295.791,35547.0
2023-11-02,296.991,297.491,294.821,296.391,30889.0
2023-11-03,296.391,298.341,294.671,295.641,31363.0
2023-11-06,297.891,298.841,295.011,298.211,39904.0
2023-11-07,298.241,298.241,294.991,295.591,24050.0
2023-11-08,295.191,301.351,294.991,299.691,35923.0
2023-11-09,297.491,298.681,295.241,296.991,24793.0
2023-11-10,295.991,299.991,295.491,298.201,20571.0
2023-11-13,298.211,299.891,293.791,295.781,37000.0
2023-11-14,296.851,302.971,296.091,299.461,32712.0
2023-11-15,302.391,304.631,297.991,303.941,34255.0
2023-11-16,303.091,304.721,300.191,301.071,19576.0
2023-11-17,300.001,301.891,297.491,298.491,20014.0
2023-11-20,298.991,300.821,297.211,300.491,17171.0
2023-11-21,301.451,303.441,297.211,300.191,24870.0
2023-11-22,300.291,302.781,298.541,300.181,20307.0
2023-11-23,300.961,302.091,295.291,299.621,19055.0
2023-11-24,300.051,300.831,297.991,300.491,19035.0
2023-11-27,302.291,303.251,296.291,298.561,23288.0
2023-11-28,299.061,302.061,297.301,301.871,22474.0
2023-11-29,303.291,307.291,301.491,303.571,28170.0
2023-11-30,305.021,309.281,302.321,308.161,40156.0
2023-12-01,309.881,311.191,303.501,307.391,35367.0
2023-12-04,310.291,314.241,307.781,310.341,45947.0
2023-12-05,311.771,311.921,305.291,306.131,35804.0
2023-12-06,306.061,306.091,298.491,299.141,44667.0
2023-12-07,299.041,300.601,296.851,300.291,37310.0
2023-12-08,300.191,314.971,299.391,313.291,88031.0
2023-12-11,311.191,317.291,308.581,315.131,43600.0
2023-12-12,314.201,317.171,312.641,315.081,24146.0
2023-12-13,318.701,318.701,314.321,315.181,27894.0
2023-12-14,317.171,318.291,311.171,312.291,24728.0
2023-12-15,315.281,316.341,305.291,310.291,38539.0
2023-12-18,311.791,311.791,306.791,308.261,25607.0
2023-12-19,307.271,308.971,303.291,306.371,23229.0
2023-12-20,307.441,311.091,306.371,307.641,18851.0
2023-12-21,309.651,310.231,305.591,307.601,20613.0
2023-12-22,308.631,311.981,304.791,306.111,21952.0
2023-12-25,304.421,308.291,301.891,304.381,18646.0
2023-12-26,304.291,305.171,299.971,300.321,15683.0
2023-12-27,300.651,303.941,299.231,303.281,19709.0
2023-12-28,304.221,309.291,301.001,307.801,29619.0
2023-12-29,307.801,311.181,305.311,307.891,22673.0
2024-01-02,307.891,311.291,305.871,310.761,30550.0
2024-01-03,308.941,311.671,307.091,307.091,21975.0
2024-01-04,306.351,308.121,300.791,303.101,29852.0
2024-01-05,304.031,306.151,299.791,300.981,32231.0
2024-01-08,300.951,303.161,296.391,296.391,26376.0
2024-01-09,297.411,302.291,296.331,299.051,29339.0
2024-01-10,297.091,299.681,293.611,294.861,27965.0
2024-01-11,295.091,299.491,292.361,297.491,29973.0
2024-01-12,297.291,299.091,294.291,294.291,22129.0
2024-01-15,292.421,296.891,290.841,295.791,22922.0
2024-01-16,293.801,294.861,288.991,292.601,32392.0
2024-01-17,291.791,292.651,286.411,286.791,35537.0
2024-01-18,286.291,290.791,281.961,290.271,40446.0
2024-01-19,287.881,296.251,287.451,293.901,38583.0
2024-01-22,295.021,297.951,291.111,292.151,46755.0
2024-01-23,290.191,295.491,288.791,292.791,34511.0
2024-01-24,295.501,301.651,292.441,300.291,35999.0
2024-01-25,297.581,301.691,296.741,301.141,29494.0
2024-01-26,298.391,302.671,297.981,301.611,31603.0
2024-01-29,303.271,304.291,285.181,286.291,52232.0
2024-01-30,286.391,289.871,283.301,285.061,28101.0
2024-01-31,284.291,288.291,280.801,285.621,34172.0
2024-02-01,286.281,291.691,282.431,290.481,32080.0
2024-02-02,288.481,291.291,283.291,284.721,36883.0
2024-02-05,282.291,307.091,281.421,301.631,79063.0
2024-02-06,299.651,313.911,298.801,309.791,75488.0
2024-02-07,309.751,319.391,305.861,318.291,80591.0
2024-02-08,318.671,324.391,311.791,314.671,62741.0
2024-02-19,318.791,319.291,313.491,315.771,44607.0
2024-02-20,315.871,319.261,313.291,317.381,40206.0
2024-02-21,315.281,322.291,314.491,318.641,34844.0
2024-02-22,318.891,318.891,311.891,312.321,39364.0
2024-02-23,311.791,312.271,306.291,307.501,42519.0
2024-02-26,309.281,309.281,305.421,307.411,33185.0
2024-02-27,306.301,309.391,304.671,309.291,30177.0
2024-02-28,309.291,309.891,305.291,305.291,37765.0
2024-02-29,303.341,309.681,303.341,306.471,46733.0
2024-03-01,308.981,308.981,304.481,307.461,35008.0
2024-03-04,306.281,310.251,305.671,308.501,33737.0
2024-03-05,306.371,316.891,306.291,315.211,61316.0
2024-03-06,315.951,319.251,313.401,315.391,35332.0
2024-03-07,315.391,316.921,312.141,313.321,28757.0
2024-03-08,313.551,315.891,307.891,309.571,29958.0
2024-03-11,311.281,323.291,308.791,321.881,56447.0
2024-03-12,322.031,323.891,318.891,322.711,37158.0
2024-03-13,320.291,321.291,314.891,316.091,31190.0
2024-03-14,322.291,324.271,314.291,314.951,52283.0
2024-03-15,313.891,315.501,307.801,311.761,35306.0
2024-03-18,309.291,311.391,306.421,310.361,27599.0
2024-03-19,309.311,313.121,308.351,310.061,22583.0
2024-03-20,308.621,311.271,307.571,309.291,19715.0
2024-03-21,311.191,311.281,307.291,307.291,19211.0
2024-03-22,307.321,307.971,303.341,306.581,28741.0
2024-03-25,307.641,309.291,305.091,305.171,26960.0
2024-03-26,307.171,307.171,302.521,303.471,27721.0
2024-03-27,303.471,304.181,299.851,300.651,29491.0
2024-03-28,299.341,300.191,294.681,297.181,45463.0
2024-03-29,297.281,300.041,296.291,298.751,20211.0
2024-04-01,298.751,304.021,298.291,300.041,25892.0
2024-04-02,300.171,300.221,296.791,298.761,27123.0
2024-04-03,297.491,300.471,297.371,298.611,28443.0
2024-04-08,299.181,299.291,293.291,293.541,29036.0
2024-04-09,295.141,296.791,292.951,296.591,26880.0
2024-04-10,295.351,296.171,291.291,291.891,24838.0
2024-04-11,288.291,291.791,287.311,289.101,27705.0
2024-04-12,287.371,291.911,287.371,287.931,24884.0
2024-04-15,287.871,296.651,287.871,294.791,41624.0
2024-04-16,280.921,287.291,274.291,285.091,92941.0
2024-04-17,283.051,296.091,282.571,289.851,46921.0
2024-04-18,290.791,297.291,289.291,289.491,41119.0
2024-04-19,288.181,292.091,285.791,288.681,32672.0
2024-04-22,290.791,298.501,288.801,295.821,45844.0
2024-04-23,297.171,303.291,295.451,301.791,44628.0
2024-04-24,302.291,304.801,300.081,303.141,26534.0
2024-04-25,302.331,304.781,300.791,302.391,23511.0
2024-04-26,300.591,307.391,300.591,306.091,30281.0
2024-04-29,312.271,324.561,308.791,319.401,86116.0
2024-04-30,317.901,324.631,317.641,321.881,48568.0
2024-05-06,323.291,332.291,322.311,330.451,64352.0
2024-05-07,332.391,333.391,327.391,328.891,34831.0
2024-05-08,327.291,327.291,320.401,322.081,46639.0
2024-05-09,320.031,322.691,317.921,320.921,37854.0
2024-05-10,321.091,325.391,320.391,322.011,27359.0
2024-05-13,320.391,326.391,317.451,324.221,35462.0
2024-05-14,322.321,328.141,322.321,327.491,35594.0
2024-05-15,326.781,330.891,325.411,328.341,26012.0
2024-05-16,328.411,331.391,325.491,330.051,32443.0
2024-05-17,329.811,331.781,323.491,326.291,37551.0
2024-05-20,326.491,328.761,322.301,324.791,38593.0
2024-05-21,324.781,325.791,321.021,322.771,27439.0
2024-05-22,321.961,323.391,318.891,322.291,30705.0
2024-05-23,321.871,327.821,321.871,327.291,39906.0
2024-05-24,326.291,326.791,319.391,319.391,29107.0
2024-05-27,319.391,321.791,316.921,318.481,27864.0
2024-05-28,319.241,319.601,314.911,317.181,28852.0
2024-05-29,316.011,321.191,316.011,318.131,23493.0
2024-05-30,317.791,319.791,315.391,317.221,17456.0
2024-05-31,319.391,320.121,308.931,308.931,35000.0
2024-06-03,312.641,318.591,311.831,315.391,35447.0
2024-06-04,313.491,319.391,313.291,317.291,22317.0
2024-06-05,317.541,325.391,317.541,323.061,35969.0
2024-06-06,325.391,325.391,317.891,323.471,33820.0
2024-06-07,323.471,324.671,317.991,318.561,38632.0
2024-06-11,318.561,322.391,317.421,321.261,28577.0
2024-06-12,321.201,321.341,314.971,315.001,34583.0
2024-06-13,318.371,318.371,313.461,314.951,38937.0
2024-06-14,315.401,317.891,307.501,317.891,79760.0
2024-06-17,313.991,316.761,312.571,314.771,28822.0
2024-06-18,313.821,314.791,310.191,311.711,21461.0
2024-06-19,312.291,313.291,309.991,312.111,20655.0
2024-06-20,310.991,314.891,310.791,313.611,24394.0
2024-06-21,312.901,314.931,307.171,309.771,36614.0
2024-06-24,308.791,316.391,307.471,314.131,37359.0
2024-06-25,312.691,314.131,304.461,311.991,40053.0
2024-06-26,310.671,314.391,310.591,313.791,24606.0
2024-06-27,311.171,314.151,309.801,313.291,26295.0
2024-06-28,310.391,313.991,308.891,309.701,31086.0
2024-07-01,309.941,311.111,300.891,303.821,24030.0
2024-07-02,303.391,307.541,301.891,303.991,27814.0
2024-07-03,302.221,304.001,297.671,299.391,21559.0
2024-07-04,300.791,303.891,299.841,302.791,21101.0
2024-07-05,301.911,305.281,299.621,304.721,26380.0
2024-07-08,304.771,306.231,298.081,299.091,24393.0
2024-07-09,299.091,301.281,294.991,299.901,27912.0
2024-07-10,299.591,302.321,296.391,297.691,21879.0
2024-07-11,298.701,301.291,293.591,300.901,31790.0
2024-07-12,302.831,303.071,292.791,299.791,34304.0
2024-07-15,298.291,300.791,295.391,296.291,22180.0
2024-07-16,295.011,296.561,290.471,290.591,40339.0
2024-07-17,290.291,300.791,288.091,299.791,46757.0
2024-07-18,299.691,306.451,298.541,304.831,39999.0
2024-07-19,303.791,305.261,301.391,304.041,32352.0
2024-07-22,303.941,306.271,301.151,302.941,27411.0
2024-07-23,302.671,303.491,295.291,295.391,34218.0
2024-07-24,293.991,295.061,288.291,289.671,37900.0
2024-07-25,288.991,289.791,285.181,288.591,32541.0
2024-07-26,289.771,289.801,284.971,286.741,32915.0
2024-07-29,286.741,287.161,275.321,275.991,56483.0
2024-07-30,275.301,276.161,262.021,266.931,91041.0
2024-07-31,265.791,279.781,265.791,275.901,80615.0
2024-08-01,277.461,277.461,272.291,274.021,45839.0
2024-08-02,273.791,283.741,273.281,279.141,40445.0
2024-08-05,278.791,284.641,277.801,279.391,47422.0
2024-08-06,279.691,285.151,279.071,280.081,30952.0
2024-08-07,280.101,283.391,276.321,281.891,33002.0
2024-08-08,281.741,284.791,278.871,282.791,23818.0
2024-08-09,283.601,286.781,278.211,278.571,28195.0
2024-08-12,277.791,282.291,276.321,280.791,23196.0
2024-08-13,279.671,280.671,270.291,274.971,40413.0
2024-08-14,274.091,274.671,268.921,270.831,30051.0
2024-08-15,270.181,274.491,269.801,271.751,26553.0
2024-08-16,270.801,273.351,268.591,272.761,32235.0
2024-08-19,272.591,278.671,271.791,274.391,25533.0
2024-08-20,273.791,275.791,269.001,269.791,29038.0
2024-08-21,269.791,271.311,267.471,268.511,30492.0
2024-08-22,268.291,269.731,266.391,267.791,31605.0
2024-08-23,265.811,267.691,262.791,264.461,45907.0
2024-08-26,264.331,264.421,250.301,252.751,74267.0
2024-08-27,251.801,255.291,250.861,254.451,30817.0
2024-08-28,254.291,255.341,243.911,245.311,70729.0
2024-08-29,245.691,249.091,243.501,246.991,54040.0
2024-08-30,258.791,273.741,257.331,269.591,117717.0
2024-09-02,268.301,268.791,261.801,265.271,57584.0
2024-09-03,263.001,270.211,261.801,266.281,39965.0
2024-09-04,266.631,271.741,264.611,266.611,37170.0
2024-09-05,267.171,271.081,265.031,268.671,38459.0
2024-09-06,267.921,269.791,260.501,260.891,31909.0
2024-09-09,260.351,266.111,260.231,263.361,46460.0
2024-09-10,262.841,268.351,262.001,263.851,40036.0
2024-09-11,262.841,265.351,260.561,262.881,26645.0
2024-09-12,262.881,263.851,254.461,254.981,51291.0
2024-09-13,255.861,257.341,253.851,254.521,31108.0
2024-09-18,254.641,257.081,250.901,250.921,31860.0
2024-09-19,253.851,254.351,247.231,253.481,67422.0
2024-09-20,255.451,255.451,248.231,250.731,60007.0
2024-09-23,250.811,252.291,244.511,245.191,51307.0
2024-09-24,249.631,263.351,248.491,255.881,133294.0
2024-09-25,260.851,264.751,257.051,258.701,142040.0
2024-09-26,257.951,261.851,244.861,261.211,164798.0
2024-09-27,268.851,295.231,268.851,287.881,225779.0
2024-09-30,303.851,323.731,291.991,315.851,234797.0
2024-10-08,374.451,374.451,331.351,347.351,299445.0
2024-10-09,342.851,351.841,319.531,319.531,184483.0
2024-10-10,324.561,334.561,316.861,320.871,141131.0
2024-10-11,319.851,319.851,303.851,307.291,90607.0
2024-10-14,312.111,313.261,300.621,307.751,101724.0
2024-10-15,307.741,307.741,293.371,293.751,95715.0
2024-10-16,289.121,292.711,283.861,284.851,85448.0
2024-10-17,286.851,287.351,279.851,279.851,83732.0
2024-10-18,278.851,302.851,272.861,292.051,173220.0
2024-10-21,288.851,297.321,285.351,290.951,115443.0
2024-10-22,289.851,297.161,289.151,294.801,83018.0
2024-10-23,294.951,299.351,291.001,296.001,76847.0
2024-10-24,293.851,301.151,293.701,297.351,74600.0
2024-10-25,296.851,307.351,293.851,302.761,91218.0
2024-10-28,301.791,302.731,295.641,301.121,80332.0
2024-10-29,300.301,302.801,292.821,294.091,83835.0
2024-10-30,283.031,300.321,282.951,293.351,114097.0
2024-10-31,292.841,293.491,288.061,289.451,77751.0
2024-11-01,292.131,292.811,288.611,289.101,50462.0
2024-11-04,288.861,295.661,288.861,293.931,50771.0
2024-11-05,292.651,303.851,290.521,301.761,96917.0
2024-11-06,301.771,304.851,296.161,297.451,79353.0
2024-11-07,296.501,306.001,295.001,305.691,84990.0
2024-11-08,310.051,316.501,307.701,308.711,92335.0
2024-11-11,305.161,310.351,303.171,306.991,81859.0
2024-11-12,305.721,320.501,304.201,311.621,116872.0
2024-11-13,309.731,319.351,309.621,311.191,88514.0
2024-11-14,308.841,310.351,300.941,301.101,64775.0
2024-11-15,300.851,302.951,295.171,295.181,60786.0
2024-11-18,295.301,297.981,290.031,292.131,75145.0
2024-11-19,292.011,294.701,288.891,294.371,53780.0
2024-11-20,293.501,303.301,291.101,299.501,65720.0
2024-11-21,298.531,300.111,295.071,296.511,31823.0
2024-11-22,296.141,296.701,287.811,287.811,52041.0
2024-11-25,290.431,291.901,285.861,285.861,52535.0
2024-11-26,285.861,294.381,285.861,291.081,52288.0
2024-11-27,288.411,294.501,287.101,293.561,44596.0
2024-11-28,291.601,292.621,282.801,284.511,80356.0
2024-11-29,284.501,289.271,283.511,284.991,61540.0
2024-12-02,286.771,291.901,285.501,287.711,61491.0
2024-12-03,287.721,289.411,284.051,285.211,52054.0
2024-12-04,284.791,285.101,281.791,284.061,36296.0
2024-12-05,282.191,284.101,277.561,279.501,51075.0
2024-12-06,280.581,288.461,280.581,287.311,69872.0
2024-12-09,287.311,288.021,282.681,284.351,44534.0
2024-12-10,294.501,295.211,286.601,287.481,88252.0
2024-12-11,286.861,287.491,282.581,286.801,54354.0
2024-12-12,285.021,294.501,284.891,293.781,78200.0
2024-12-13,292.501,294.481,283.671,283.671,80590.0
2024-12-16,284.701,285.501,276.691,278.201,72488.0
2024-12-17,278.161,279.791,277.101,277.501,43273.0
2024-12-18,278.311,278.751,276.611,276.621,38113.0
2024-12-19,276.001,278.751,274.001,277.001,43628.0
2024-12-20,276.871,279.351,274.761,274.761,39479.0
2024-12-23,275.501,280.501,275.161,278.311,38665.0
2024-12-24,277.681,281.001,277.601,279.471,32451.0
2024-12-25,281.411,284.271,279.501,281.051,44784.0
2024-12-26,280.191,281.001,278.221,278.771,26921.0
2024-12-27,278.051,284.701,276.661,282.731,51516.0
2024-12-30,281.011,288.501,281.011,283.291,41951.0
2024-12-31,282.001,285.031,279.501,279.501,51217.0
2025-01-02,279.911,281.061,270.761,272.351,62093.0
2025-01-03,272.361,273.631,267.571,268.161,47434.0
2025-01-06,270.501,274.341,269.101,270.001,38840.0
2025-01-07,270.831,271.231,264.011,265.801,48854.0
2025-01-08,265.691,266.321,261.701,263.781,53434.0
2025-01-09,262.821,264.801,260.661,260.781,45448.0
2025-01-10,260.811,261.601,255.501,255.501,61349.0
2025-01-13,254.501,256.801,254.471,255.951,35139.0
2025-01-14,255.451,261.711,254.681,260.501,57126.0
2025-01-15,259.501,260.561,257.161,259.501,38477.0
2025-01-16,260.681,263.281,258.741,259.041,32032.0
2025-01-17,258.621,260.981,257.351,258.351,40073.0
2025-01-20,259.281,261.831,258.501,260.901,45793.0
2025-01-21,261.501,262.071,257.121,259.881,31864.0
2025-01-22,259.271,259.441,253.101,253.871,53852.0
2025-01-23,255.961,260.451,255.501,257.831,53255.0
2025-01-24,256.821,261.981,256.121,258.541,44736.0
2025-01-27,259.531,260.301,256.861,256.901,34793.0
2025-02-05,258.631,263.701,256.901,261.301,61182.0
2025-02-06,262.011,268.281,259.781,264.501,69833.0
2025-02-07,266.581,277.001,264.811,275.691,108576.0
2025-02-10,275.811,281.251,273.531,278.551,73446.0
2025-02-11,279.151,282.351,276.721,277.171,59784.0
2025-02-12,275.001,278.151,274.601,276.831,38967.0
2025-02-13,276.901,277.481,273.161,275.501,35529.0
2025-02-14,275.001,287.461,274.681,286.301,85728.0
2025-02-17,291.301,291.601,282.871,283.341,75337.0
2025-02-18,283.081,286.301,279.551,280.901,54316.0
2025-02-19,280.301,281.701,278.001,280.501,45998.0
2025-02-20,280.281,285.301,279.711,281.161,45158.0
2025-02-21,281.161,288.301,279.861,282.321,68087.0
2025-02-24,284.501,287.341,279.111,284.871,64202.0
2025-02-25,281.501,285.261,279.001,279.001,51005.0
2025-02-26,278.631,280.431,277.281,279.781,37778.0
2025-02-27,278.501,281.621,276.581,280.291,45083.0
2025-02-28,279.481,286.301,276.901,277.411,61872.0
2025-03-03,276.111,277.101,272.641,274.411,71730.0
2025-03-04,273.301,273.301,265.851,270.501,61559.0
2025-03-05,270.501,271.351,267.351,267.751,40951.0
2025-03-06,269.401,273.141,268.001,271.841,57015.0
2025-03-07,272.701,272.841,268.151,268.581,49651.0
2025-03-10,270.001,272.281,268.121,270.301,54283.0
2025-03-11,268.501,270.031,267.851,269.601,51328.0
2025-03-12,270.881,270.961,268.151,268.711,41980.0
2025-03-13,269.701,270.801,268.221,269.051,44479.0
2025-03-14,269.491,276.751,268.011,274.921,89596.0
2025-03-17,276.501,277.851,273.601,274.651,52793.0
2025-03-18,276.111,280.101,273.351,275.021,55202.0
2025-03-19,274.531,276.331,272.501,273.621,36760.0
2025-03-20,273.501,274.041,268.381,268.481,44040.0
2025-03-21,268.121,270.381,264.751,265.001,49600.0
2025-03-24,264.151,265.941,262.761,264.001,41043.0
2025-03-25,264.511,265.811,262.791,264.831,30066.0
2025-03-26,264.961,265.751,262.901,264.601,28537.0
2025-03-27,263.801,267.141,263.241,266.881,33803.0
2025-03-28,266.281,267.101,262.581,262.581,43009.0
2025-03-31,262.581,264.281,258.501,258.501,61867.0
2025-04-01,259.491,264.301,256.751,261.161,82067.0
2025-04-02,261.101,262.861,253.751,254.361,92888.0
2025-04-03,252.501,254.991,249.611,249.771,107044.0
2025-04-07,241.561,246.501,231.301,236.091,174623.0
2025-04-08,238.321,239.301,233.671,238.611,111790.0
2025-04-09,236.031,239.481,234.101,238.261,91858.0
2025-04-10,241.301,243.801,239.101,240.351,86852.0
2025-04-11,239.541,241.171,237.011,239.401,61344.0
2025-04-14,241.251,243.001,238.981,239.211,64872.0
2025-04-15,239.231,239.721,237.231,238.651,39350.0
2025-04-16,237.641,238.601,235.181,237.761,50887.0
2025-04-17,237.201,247.381,236.691,246.161,84536.0
2025-04-18,245.771,245.771,239.551,241.581,48571.0
2025-04-21,239.551,241.291,239.551,240.521,28213.0
2025-04-22,240.551,245.641,239.811,244.101,78399.0
2025-04-23,244.521,245.101,241.101,241.721,48759.0
2025-04-24,241.501,243.461,238.461,239.211,48455.0
2025-04-25,239.271,243.811,239.271,241.511,46363.0
2025-04-28,241.301,241.501,238.771,239.301,44018.0
2025-04-29,235.201,243.311,234.491,240.351,90085.0
2025-04-30,240.001,246.141,238.681,244.161,82644.0
2025-05-06,247.091,247.091,241.531,244.741,63032.0
2025-05-07,247.071,247.681,244.331,246.911,66564.0
2025-05-08,245.731,251.021,245.721,250.351,68716.0
2025-05-09,250.191,250.571,247.881,248.501,49109.0
2025-05-12,250.981,254.181,249.701,253.651,77825.0
2025-05-13,254.501,258.171,254.001,257.481,80930.0
2025-05-14,256.571,257.991,254.801,256.401,51066.0
2025-05-15,255.651,257.701,252.741,253.081,43483.0
2025-05-16,252.451,253.841,250.201,250.851,41909.0
2025-05-19,251.991,252.501,249.871,250.511,27047.0
2025-05-20,250.501,252.371,247.341,248.221,51596.0
2025-05-21,248.201,252.881,247.171,251.171,57819.0
2025-05-22,251.881,255.001,249.921,250.101,36548.0
2025-05-23,249.871,259.461,249.871,256.401,92373.0
2025-05-26,255.271,258.941,252.701,252.811,43146.0
2025-05-27,252.791,254.041,250.681,251.781,29201.0
2025-05-28,251.951,256.831,250.981,255.011,36593.0
2025-05-29,254.691,256.241,252.881,254.181,48657.0
2025-05-30,254.071,255.931,252.341,252.341,43970.0
2025-06-03,250.471,259.451,250.271,259.161,69994.0
2025-06-04,258.471,258.471,255.021,255.321,47693.0
2025-06-05,256.471,262.221,254.771,261.771,54737.0
2025-06-06,262.371,262.371,258.091,258.971,40387.0
2025-06-09,259.441,264.471,258.671,262.221,51060.0
2025-06-10,262.221,267.321,260.471,262.221,53814.0
2025-06-11,263.261,266.651,262.521,263.791,46491.0
2025-06-12,263.481,265.231,260.331,263.071,41309.0
2025-06-13,263.071,268.991,261.571,263.751,81082.0
2025-06-16,264.251,266.431,261.031,263.081,37869.0
2025-06-17,262.771,263.601,258.071,258.481,45944.0
2025-06-18,257.881,259.071,255.771,255.771,26630.0
2025-06-19,255.531,256.431,251.771,252.421,33553.0
2025-06-20,252.471,254.301,251.491,253.731,30498.0
2025-06-23,253.731,255.731,251.361,252.301,32821.0
2025-06-24,252.511,254.471,251.241,251.311,51914.0
2025-06-25,251.921,256.051,250.481,255.521,43053.0
2025-06-26,255.321,258.371,253.971,253.971,39150.0
2025-06-27,254.441,255.971,252.501,253.111,39135.0
2025-06-30,250.571,252.671,249.471,251.221,55764.0
2025-07-01,251.241,254.241,250.831,252.971,37356.0
2025-07-02,253.431,254.401,250.971,251.461,29548.0
2025-07-03,251.681,252.461,246.351,246.671,76371.0
2025-07-04,247.381,250.661,246.471,250.271,60761.0
2025-07-07,250.971,252.631,242.501,242.881,92385.0
2025-07-08,242.881,244.761,240.581,243.801,53592.0
2025-07-09,243.801,243.811,240.771,240.951,80217.0
2025-07-10,240.961,245.831,240.601,245.121,67384.0
2025-07-11,246.231,249.451,244.671,247.551,62329.0
2025-07-14,247.551,248.221,243.341,243.471,54553.0
2025-07-15,243.101,244.461,241.331,241.531,50040.0
2025-07-16,241.331,242.761,240.471,241.121,52239.0
2025-07-17,241.061,243.661,240.531,243.651,59230.0
2025-07-18,243.751,251.991,243.741,251.791,113354.0
2025-07-21,251.971,253.451,250.561,252.261,57397.0
2025-07-22,251.971,252.661,248.501,252.471,62218.0
2025-07-23,252.511,258.891,252.511,254.971,89104.0
2025-07-24,255.211,262.751,252.471,258.541,111184.0
2025-07-25,258.431,262.401,256.651,258.311,71920.0
2025-07-28,258.971,261.131,257.151,259.651,54994.0
2025-07-29,259.321,260.871,254.481,258.291,79262.0
2025-07-30,258.271,268.471,255.171,264.431,135509.0
2025-07-31,264.431,264.471,256.461,257.671,84323.0
2025-08-01,257.471,259.911,252.471,253.701,71684.0
2025-08-04,253.461,254.471,251.131,253.771,59351.0
2025-08-05,253.781,255.031,252.611,254.501,36610.0
2025-08-06,255.071,256.451,253.151,254.781,40521.0
2025-08-07,254.471,261.771,253.811,257.261,72880.0
2025-08-08,258.081,262.441,255.651,257.181,64369.0
2025-08-11,257.471,258.331,253.481,256.971,62597.0
2025-08-12,256.971,265.151,256.571,260.771,108728.0
2025-08-13,260.971,263.171,259.001,262.961,73986.0
2025-08-14,264.521,266.971,259.001,259.911,76275.0
2025-08-15,259.871,263.941,258.631,261.701,74718.0
2025-08-18,261.711,264.471,260.831,263.121,81678.0
2025-08-19,263.121,264.961,260.611,260.651,69016.0
2025-08-20,260.171,263.461,258.271,263.031,62523.0
2025-08-21,263.451,275.301,263.351,272.181,166478.0
2025-08-22,271.961,273.471,268.671,270.721,91478.0
2025-08-25,272.931,273.651,269.741,271.971,95134.0
2025-08-26,270.581,276.731,270.471,273.241,100124.0
2025-08-27,272.071,283.471,272.031,273.781,163506.0
2025-08-28,269.471,277.471,266.981,273.551,174053.0
2025-08-29,270.811,273.131,268.071,269.261,118385.0
2025-09-01,270.891,274.821,268.991,272.951,109968.0
2025-09-02,272.731,277.221,267.251,268.631,105059.0
2025-09-03,268.431,270.631,264.481,265.281,88111.0
2025-09-04,265.441,267.281,257.781,259.971,98148.0
2025-09-05,261.181,266.391,259.241,265.741,74978.0
2025-09-08,263.781,280.731,263.781,275.821,161965.0
2025-09-09,274.111,275.821,267.831,268.781,114743.0
2025-09-10,268.741,269.711,265.431,266.491,64823.0
2025-09-11,265.481,271.731,264.191,271.521,76107.0
2025-09-12,271.481,275.031,268.561,268.771,68985.0
2025-09-15,269.281,270.311,266.781,267.381,68048.0
2025-09-16,267.481,270.011,266.281,267.381,57731.0
2025-09-17,267.381,270.261,265.851,267.171,60529.0
2025-09-18,267.761,270.771,264.291,265.581,99120.0
2025-09-19,266.281,268.561,262.781,262.781,75771.0
2025-09-22,263.861,268.031,263.381,264.931,75818.0
2025-09-23,264.061,264.511,257.781,261.281,90111.0
2025-09-24,260.381,263.651,260.381,261.671,55407.0
2025-09-25,261.461,274.231,260.501,272.781,162158.0
2025-09-26,272.141,272.141,266.081,266.331,79436.0
2025-09-29,266.331,268.161,262.111,266.781,82397.0
2025-09-30,266.571,274.431,265.581,273.471,102794.0
2025-10-09,271.781,276.761,267.791,276.021,109826.0
2025-10-10,274.081,274.781,269.501,269.781,77968.0
2025-10-13,265.781,267.771,260.831,262.981,108613.0
2025-10-14,265.481,267.571,258.011,258.461,104262.0
2025-10-15,259.781,261.211,257.481,258.281,82784.0
2025-10-16,258.291,261.731,256.881,258.711,60727.0
2025-10-17,257.811,259.271,253.061,253.281,74637.0
2025-10-20,254.801,255.591,250.511,251.251,62569.0
2025-10-21,251.251,254.731,251.021,251.351,65199.0
2025-10-22,250.451,251.281,247.891,247.981,60060.0
2025-10-23,248.091,249.961,246.801,249.581,50167.0
2025-10-24,249.631,250.761,248.631,249.331,43888.0
2025-10-27,250.761,252.481,249.691,251.081,65892.0
2025-10-28,251.291,254.141,250.251,252.871,59365.0
2025-10-29,252.271,252.471,246.061,250.611,91691.0
2025-10-30,247.781,252.281,243.781,244.471,120015.0
2025-10-31,243.281,244.671,239.911,242.821,108869.0
2025-11-03,242.811,244.161,239.281,239.791,93440.0
2025-11-04,239.281,240.661,232.831,234.781,126053.0
2025-11-05,232.891,236.751,232.331,234.051,74890.0
2025-11-06,234.481,235.671,233.511,234.131,60461.0
2025-11-07,234.011,235.051,232.331,233.571,59247.0
2025-11-10,233.281,237.431,232.831,237.131,81960.0
2025-11-11,236.581,237.381,234.781,236.481,60990.0
2025-11-12,236.921,240.011,236.921,237.331,74926.0
2025-11-13,237.711,238.321,236.341,237.341,57090.0
2025-11-14,236.631,238.801,236.331,236.831,51737.0
2025-11-17,236.131,236.691,234.931,235.171,45309.0
2025-11-18,235.131,235.981,234.691,235.841,39738.0
2025-11-19,235.851,236.381,233.941,233.941,50729.0
2025-11-20,233.931,234.511,227.141,227.981,106077.0
2025-11-21,227.121,228.701,222.811,224.241,97876.0
2025-11-24,224.241,226.131,221.381,222.131,65135.0
2025-11-25,222.881,224.351,221.881,223.011,59671.0
2025-11-26,223.091,224.031,221.811,222.531,60769.0
2025-11-27,222.521,226.881,220.911,225.431,71970.0
2025-11-28,228.131,233.631,227.841,233.141,117761.0
2025-12-01,233.131,233.131,229.631,230.751,58860.0
2025-12-02,230.131,231.371,229.331,229.751,42518.0
2025-12-03,229.751,230.201,227.441,228.631,44690.0
2025-12-04,229.131,231.121,228.811,229.131,36312.0
2025-12-05,229.181,232.011,228.431,231.521,44733.0
2025-12-08,231.521,233.881,229.151,229.181,61072.0
2025-12-09,229.131,232.621,227.161,227.841,57404.0
2025-12-10,226.881,227.581,224.981,227.131,51345.0
2025-12-11,227.131,227.821,224.901,224.901,56728.0
2025-12-12,224.881,229.881,223.641,228.951,112033.0
2025-12-15,228.771,229.131,226.141,226.141,49455.0
2025-12-16,226.161,228.111,223.941,223.941,51519.0
2025-12-17,223.931,226.971,222.601,225.491,57775.0
2025-12-18,225.131,229.041,224.881,226.901,48335.0
2025-12-19,226.831,229.431,226.641,227.321,47550.0
2025-12-22,227.471,230.061,226.881,228.831,50421.0
2025-12-23,229.131,229.581,227.131,227.201,42562.0
2025-12-24,226.881,227.861,226.441,227.261,34518.0
2025-12-25,227.131,231.231,226.191,230.561,57631.0
2025-12-26,230.381,231.011,228.741,229.121,41234.0
2025-12-29,229.151,230.631,227.931,228.131,51737.0
2025-12-30,228.161,228.631,224.111,224.721,82724.0
2025-12-31,224.331,224.511,219.501,219.581,113748.0
2026-01-05,219.591,228.991,219.591,228.731,169748.0
2026-01-06,229.631,234.831,229.241,233.071,134773.0
2026-01-07,233.001,233.271,229.171,230.001,97680.0
2026-01-08,230.381,232.431,228.431,230.841,83669.0
2026-01-09,231.131,234.331,230.981,232.811,89798.0
2026-01-12,233.881,238.441,233.631,237.161,129125.0
2026-01-13,238.331,242.211,236.631,237.351,156085.0
2026-01-14,237.131,243.251,235.251,236.891,155121.0
2026-01-15,235.881,236.631,232.631,233.211,99754.0
2026-01-16,233.641,235.841,230.161,230.321,96088.0
2026-01-19,230.321,232.011,229.011,229.321,71560.0
2026-01-20,230.041,230.311,225.731,226.131,81094.0
2026-01-21,226.031,227.311,224.191,224.431,75113.0
2026-01-22,224.981,225.221,222.481,222.631,72342.0
2026-01-23,223.881,226.131,223.431,224.641,83473.0
2026-01-26,225.011,225.851,222.261,224.231,99070.0
2026-01-27,224.381,225.631,221.131,221.291,95524.0
2026-01-28,221.231,221.281,217.131,217.191,143051.0
2026-01-29,217.201,223.631,215.881,222.511,116545.0
2026-01-30,222.461,222.461,218.391,218.391,75037.0
2026-02-02,218.631,220.081,216.241,216.241,66634.0
2026-02-03,216.921,218.011,216.161,217.281,57471.0
2026-02-04,217.111,222.351,216.501,221.791,84306.0
2026-02-05,221.091,222.631,220.381,221.231,56820.0
2026-02-06,221.021,221.451,217.791,218.621,70937.0
2026-02-09,218.811,219.071,217.941,218.301,50721.0
2026-02-10,218.291,220.131,217.811,219.491,51748.0
2026-02-11,219.131,219.511,218.251,218.341,35632.0
2026-02-12,218.341,218.901,217.131,217.131,46482.0
2026-02-13,217.091,217.091,214.801,214.901,64606.0
2026-02-24,216.951,217.081,214.921,215.331,42495.0
2026-02-25,215.331,217.071,214.281,216.091,50336.0
2026-02-26,216.731,219.121,215.631,216.411,57760.0
2026-02-27,216.031,216.031,214.911,215.051,53193.0
2026-03-02,214.041,215.141,210.881,212.831,86210.0
2026-03-03,212.381,212.981,209.431,209.531,85672.0
2026-03-04,208.881,208.911,204.881,204.881,88354.0
2026-03-05,207.131,207.431,205.031,205.331,50981.0
2026-03-06,204.931,211.381,204.631,210.501,76385.0
2026-03-09,208.631,211.111,206.961,207.911,58668.0
2026-03-10,209.121,209.891,208.401,209.471,39388.0
2026-03-11,209.631,210.981,208.451,209.701,51409.0
2026-03-12,209.431,209.851,207.141,207.311,49683.0
2026-03-13,207.641,208.341,206.451,207.701,39191.0
2026-03-16,208.131,208.261,205.791,206.381,51759.0
2026-03-17,206.631,209.681,206.311,207.231,71737.0
2026-03-18,206.931,207.521,203.371,204.051,81501.0
2026-03-19,202.311,203.081,200.821,200.991,67673.0
2026-03-20,200.991,202.361,198.651,198.651,66369.0
2026-03-23,196.141,197.881,194.301,194.741,87858.0
2026-03-24,197.091,197.381,194.381,195.501,56092.0
2026-03-25,197.131,197.621,195.911,196.601,52102.0
2026-03-26,196.121,197.381,193.381,193.431,62223.0
2026-03-27,192.131,199.111,191.731,198.731,79020.0
2026-03-30,197.631,200.621,197.171,199.901,61306.0
2026-03-31,196.491,198.131,193.791,193.791,89706.0
2026-04-01,194.891,199.381,193.881,195.031,98331.0
2026-04-02,194.631,194.711,191.231,191.531,91590.0
2026-04-03,191.111,191.571,187.451,187.531,75719.0
2026-04-07,187.561,188.911,186.491,186.891,47255.0
2026-04-08,188.661,192.111,188.661,192.051,81943.0
2026-04-09,190.631,191.041,185.311,185.431,118939.0
2026-04-10,186.231,189.111,185.481,187.311,87891.0
2026-04-13,186.631,188.751,185.641,187.071,59907.0
2026-04-14,187.811,190.701,186.041,189.591,89108.0
2026-04-15,190.671,191.751,189.151,189.431,66863.0
2026-04-16,189.451,189.991,188.591,189.591,54493.0
2026-04-17,189.051,189.051,185.841,185.881,89171.0
2026-04-20,185.631,188.901,183.731,187.231,91233.0
2026-04-21,187.261,190.941,187.131,187.981,79928.0
2026-04-22,186.141,190.121,186.141,188.731,70472.0
2026-04-23,188.621,191.591,188.131,190.171,102520.0
2026-04-24,189.381,191.891,187.761,190.131,92238.0
2026-04-27,189.431,190.051,186.941,187.141,80514.0
2026-04-28,186.901,192.031,186.731,190.241,126775.0
2026-04-29,191.431,198.141,191.241,197.531,195908.0
2026-04-30,196.631,199.011,195.941,197.531,97616.0
2026-05-06,197.521,202.431,197.131,201.811,127733.0
2026-05-07,202.321,205.691,199.381,199.631,103423.0
2026-05-08,199.531,201.801,199.451,199.741,71134.0
2026-05-11,199.131,200.031,196.161,198.341,122537.0
2026-05-12,197.811,198.971,195.391,195.521,81037.0
2026-05-13,195.431,196.381,193.351,195.071,71098.0
2026-05-14,194.231,195.621,190.371,190.371,85949.0
2026-05-15,190.241,192.231,189.201,189.501,70137.0
2026-05-18,189.381,189.501,184.821,185.461,90449.0
2026-05-19,185.131,188.511,185.131,187.281,65190.0
2026-05-20,187.331,187.431,183.931,183.931,81295.0
2026-05-21,183.931,195.021,183.231,187.391,152873.0
2026-05-22,187.131,187.431,182.031,182.131,136239.0
2026-05-25,181.711,184.301,180.491,182.761,69034.0
2026-05-26,181.631,184.721,181.631,182.281,69249.0
2026-05-27,181.931,184.811,179.231,183.131,109337.0
2026-05-28,182.691,183.191,179.131,181.471,96816.0
2026-05-29,181.401,185.051,180.691,182.521,104303.0
2026-06-01,182.341,183.241,179.491,180.121,85597.0
2026-06-02,179.711,179.851,177.401,177.681,82259.0
2026-06-03,177.381,177.411,175.271,175.281,79354.0
2026-06-04,174.021,174.471,172.571,173.281,89145.0
2026-06-05,174.331,176.161,173.621,175.081,77960.0
2026-06-08,174.061,175.691,171.771,173.431,80154.0
2026-06-09,173.571,174.191,171.331,173.021,62916.0
2026-06-10,172.121,174.571,171.691,174.191,65778.0
2026-06-11,173.291,178.341,173.191,177.571,96108.0
2026-06-12,176.541,182.981,174.541,181.731,125936.0
2026-06-15,181.891,181.901,176.691,177.191,94240.0
2026-06-16,176.691,176.891,173.271,173.591,69018.0
2026-06-17,173.381,174.931,173.181,174.041,53958.0
2026-06-18,174.041,175.941,170.701,170.701,104818.0
2026-06-22,170.651,173.191,167.621,172.541,106401.0
2026-06-23,172.021,175.191,169.701,170.071,90101.0
2026-06-24,171.691,173.861,167.341,167.421,106482.0
2026-06-25,165.701,170.131,164.701,168.851,130453.0
2026-06-26,169.671,171.481,164.521,164.671,106566.0
2026-06-29,164.031,170.451,161.351,168.181,158541.0
2026-06-30,167.661,168.181,165.401,166.521,89205.0
2026-07-01,166.421,173.191,165.461,172.391,130570.0
2026-07-02,172.821,174.771,168.601,169.891,134438.0
2026-07-03,171.101,174.751,169.191,170.711,121739.0
2026-07-06,170.541,173.151,169.001,171.291,123219.0
2026-07-07,169.811,170.571,168.061,168.861,83056.0
2026-07-08,168.671,169.841,166.771,168.691,72916.0
2026-07-09,167.491,171.461,166.711,170.191,90373.0
2026-07-10,169.981,174.191,167.921,172.261,112170.0
2026-07-13,170.791,171.661,169.111,170.371,89955.0
2026-07-14,171.301,172.351,169.241,170.651,86751.0
2026-07-15,169.691,178.251,168.841,176.691,190810.0
2026-07-16,176.491,182.571,175.721,181.001,212099.0
2026-07-17,181.001,183.621,178.241,180.121,158473.0
2026-07-20,178.301,185.691,177.451,185.191,164064.0
2026-07-21,183.501,186.691,180.951,182.941,166150.0
2026-07-22,181.691,184.081,180.561,182.961,106336.0
2026-07-23,181.191,182.191,179.701,181.491,78330.0
2026-07-24,180.721,182.651,177.071,177.071,89637.0
2026-07-27,176.341,179.971,176.191,179.251,67987.0
2026-07-28,179.351,182.791,178.621,181.231,89110.0
2026-07-29,181.691,186.341,181.271,185.571,133535.0
2026-07-30,185.691,192.691,184.941,192.311,177697.0
2026-07-31,189.061,190.521,188.291,189.571,112421.0
2026-08-03,189.631,190.181,187.331,187.581,69364.0
2026-08-04,187.571,188.261,184.681,184.961,112319.0
2026-08-05,185.681,185.721,183.641,184.991,82153.0
2026-08-06,185.011,185.681,180.311,180.441,120380.0
2026-08-07,179.701,182.101,179.061,182.101,105139.0
2026-08-10,182.691,188.211,182.551,186.271,140125.0
2026-08-11,185.551,186.651,183.971,184.181,90603.0
2026-08-12,183.891,185.871,183.391,184.291,64075.0
2026-08-13,183.491,186.431,181.891,184.081,91709.0
2026-08-14,184.141,185.161,180.821,181.161,65278.0
2026-08-17,180.651,180.971,178.081,180.401,69786.0
2026-08-18,179.811,181.481,179.011,181.241,59357.0
2026-08-19,181.891,182.341,179.771,181.321,66809.0
2026-08-20,182.691,190.381,181.971,188.761,163235.0
2026-08-21,188.691,189.691,184.581,185.141,79711.0
2026-08-24,184.691,189.661,183.701,189.371,118995.0
2026-08-25,189.161,193.351,188.721,192.811,119545.0
2026-08-26,192.191,194.441,191.411,191.741,81372.0
2026-08-27,190.991,193.351,190.701,192.721,58425.0
2026-08-28,192.071,195.441,191.921,194.991,67411.0
2026-08-31,198.691,200.591,195.861,196.041,177380.0
2026-09-01,196.091,202.681,194.891,199.771,152758.0
2026-09-02,199.051,200.231,196.991,198.611,84926.0
2026-09-03,198.581,200.291,197.271,198.361,71187.0
2026-09-04,197.701,202.281,196.821,200.601,100549.0
2026-09-07,200.691,201.191,198.051,199.891,79391.0
2026-09-08,200.021,202.691,198.221,201.971,72287.0
2026-09-09,201.371,201.491,195.131,197.221,113138.0
2026-09-10,197.991,198.941,195.921,197.721,65017.0
2026-09-11,197.221,197.221,194.021,194.751,73232.0
2026-09-14,194.021,195.961,191.381,192.121,65612.0
2026-09-15,191.871,193.291,191.391,192.321,41232.0
2026-09-16,192.021,192.521,189.731,190.051,53088.0
2026-09-17,189.901,190.971,188.691,188.821,44592.0
2026-09-18,188.871,190.011,188.321,188.891,49571.0
2026-09-21,189.141,191.111,188.031,190.071,65393.0
2026-09-22,190.221,191.181,188.431,188.701,59199.0
2026-09-23,188.521,190.021,187.321,187.481,46295.0
2026-09-24,187.141,188.371,185.741,185.881,49587.0
