date,open,high,low,close,volume
2018-10-16,26.539,38.249,26.539,38.249,4199.0
2018-10-17,45.279,45.279,45.279,45.279,1865.0
2018-10-18,53.009,53.009,41.359,48.949,557185.0
2018-10-19,47.479,57.049,47.379,57.049,353192.0
2018-10-22,61.979,65.959,59.989,65.959,176857.0
2018-10-23,69.979,73.779,62.649,62.679,329626.0
2018-10-24,63.369,68.479,63.179,65.029,241499.0
2018-10-25,61.099,69.349,61.099,67.559,193153.0
2018-10-26,67.779,70.979,60.489,65.179,182721.0
2018-10-29,64.479,66.339,61.989,65.499,102860.0
2018-10-30,64.479,67.879,60.689,65.329,140057.0
2018-10-31,65.779,69.919,65.779,66.979,135227.0
2018-11-01,68.959,73.579,67.079,70.309,156641.0
2018-11-02,74.269,75.359,70.649,73.379,162176.0
2018-11-05,72.859,74.549,67.429,70.399,133495.0
2018-11-06,68.679,80.639,67.829,80.639,135297.0
2018-11-07,80.629,81.659,76.679,77.979,115595.0
2018-11-08,79.979,80.969,75.769,77.259,90427.0
2018-11-09,75.479,81.779,74.979,78.759,87032.0
2018-11-12,77.899,80.749,77.149,79.989,79923.0
2018-11-13,77.979,84.979,76.509,78.039,136396.0
2018-11-14,76.009,81.579,75.989,79.839,85021.0
2018-11-15,78.839,80.759,77.179,79.979,67308.0
2018-11-16,80.029,81.979,77.639,78.629,69091.0
2018-11-19,76.989,80.829,76.579,78.129,69281.0
2018-11-20,76.779,78.949,74.979,74.979,54624.0
2018-11-21,73.979,81.009,73.629,79.679,90622.0
2018-11-22,79.329,80.319,78.099,79.489,51972.0
2018-11-23,79.779,81.579,75.979,76.279,59508.0
2018-11-26,77.079,79.269,76.279,77.569,41793.0
2018-11-27,78.639,78.979,72.479,74.539,80217.0
2018-11-28,73.779,77.979,73.179,77.589,55165.0
2018-11-29,78.979,79.949,76.779,76.809,48848.0
2018-11-30,76.779,80.579,76.479,80.479,41346.0
2018-12-03,83.479,91.639,81.319,87.479,93095.0
2018-12-04,86.779,88.849,85.579,87.039,45190.0
2018-12-05,84.979,91.089,84.639,88.659,53748.0
2018-12-06,87.869,89.089,81.979,83.309,82338.0
2018-12-07,83.859,84.229,80.679,82.119,50676.0
2018-12-10,80.859,83.979,80.859,83.099,29843.0
2018-12-11,83.629,84.279,80.479,81.339,40502.0
2018-12-12,81.779,82.619,81.089,81.909,27528.0
2018-12-13,81.879,84.239,81.529,84.179,29267.0
2018-12-14,84.079,84.249,75.789,75.789,72696.0
2018-12-17,74.099,74.979,69.929,74.209,49505.0
2018-12-18,72.089,74.479,71.659,73.379,31324.0
2018-12-19,73.739,74.259,65.749,66.209,76617.0
2018-12-20,65.979,69.379,65.879,68.639,47797.0
2018-12-21,67.749,68.509,66.489,67.299,30283.0
2018-12-24,67.439,72.679,67.439,71.279,36564.0
2018-12-25,70.379,74.969,69.979,73.969,44047.0
2018-12-26,73.969,77.539,73.269,75.279,35333.0
2018-12-27,76.679,77.329,74.799,75.489,41313.0
2018-12-28,75.479,77.609,74.279,77.199,32530.0
2019-01-02,74.429,74.779,67.529,71.759,58987.0
2019-01-03,71.279,72.979,67.939,69.299,38458.0
2019-01-04,68.559,70.829,67.459,69.559,42769.0
2019-01-07,69.039,71.959,68.669,69.709,43458.0
2019-01-08,69.089,69.969,65.759,67.479,52134.0
2019-01-09,67.869,73.269,67.529,70.959,58184.0
2019-01-10,72.279,73.159,70.259,71.299,41362.0
2019-01-11,70.879,72.979,70.379,72.889,20722.0
2019-01-14,72.779,72.779,70.659,72.079,19504.0
2019-01-15,71.859,74.479,71.469,72.959,21138.0
2019-01-16,72.639,74.369,71.789,73.669,20310.0
2019-01-17,73.469,74.429,72.889,73.729,16582.0
2019-01-18,73.369,77.679,73.369,77.479,32790.0
2019-01-21,78.779,82.829,78.339,79.089,42079.0
2019-01-22,79.579,80.359,75.489,76.469,23585.0
2019-01-23,76.459,78.459,76.179,78.249,14602.0
2019-01-24,77.579,78.179,74.759,75.979,24242.0
2019-01-25,75.979,77.409,74.829,74.909,30737.0
2019-01-28,75.369,76.159,74.079,74.289,16112.0
2019-01-29,74.449,74.449,70.489,71.959,32949.0
2019-01-30,71.779,74.929,71.029,74.109,25878.0
2019-01-31,75.419,76.759,72.929,74.709,31387.0
2019-02-01,75.289,79.179,74.829,78.939,30681.0
2019-02-11,79.069,80.749,77.689,79.979,35985.0
2019-02-12,79.779,82.859,79.479,81.799,33888.0
2019-02-13,80.859,81.979,79.729,81.559,34926.0
2019-02-14,81.359,84.889,80.809,83.719,38574.0
2019-02-15,83.189,83.629,80.679,81.129,25781.0
2019-02-18,81.159,83.729,81.159,83.039,35044.0
2019-02-19,83.559,88.279,83.459,83.839,42902.0
2019-02-20,83.589,83.929,79.509,80.979,37983.0
2019-02-21,80.969,81.719,79.299,80.179,32223.0
2019-02-22,79.979,82.579,79.479,82.149,30613.0
2019-02-25,83.009,90.879,83.009,90.829,60222.0
2019-02-26,90.469,90.479,86.629,87.179,49748.0
2019-02-27,86.379,87.279,83.019,83.709,42378.0
2019-02-28,85.229,95.279,84.659,95.279,81554.0
2019-03-01,96.979,98.979,92.789,96.369,58116.0
2019-03-04,97.689,106.779,97.689,100.529,71484.0
2019-03-05,97.779,101.599,97.179,100.579,48340.0
2019-03-06,100.679,101.999,96.429,98.829,53905.0
2019-03-07,97.159,97.199,93.359,95.279,64377.0
2019-03-08,91.979,97.299,90.979,93.789,50197.0
2019-03-11,93.319,100.479,91.979,98.649,50882.0
2019-03-12,98.969,100.979,93.469,96.219,57868.0
2019-03-13,96.489,99.429,94.479,95.259,44560.0
2019-03-14,95.239,99.979,94.979,98.429,39539.0
2019-03-15,99.179,106.859,99.179,103.279,53915.0
2019-03-18,104.479,104.499,94.979,99.979,74860.0
2019-03-19,100.309,102.879,98.589,99.179,37104.0
2019-03-20,97.989,101.479,97.979,100.109,27728.0
2019-03-21,99.879,99.979,97.749,98.189,34742.0
2019-03-22,98.859,99.279,96.879,98.379,21599.0
2019-03-25,95.769,96.429,94.689,95.429,36544.0
2019-03-26,96.199,97.939,94.769,95.959,30826.0
2019-03-27,96.479,98.779,95.259,96.589,21718.0
2019-03-28,95.859,100.179,95.079,98.819,26029.0
2019-03-29,98.819,102.479,98.819,102.279,34503.0
2019-04-01,103.779,106.999,101.879,103.459,48053.0
2019-04-02,103.769,103.979,100.989,101.509,31287.0
2019-04-03,101.279,101.279,98.409,100.529,33322.0
2019-04-04,99.679,101.949,98.579,99.679,24190.0
2019-04-08,100.629,100.669,96.279,96.949,36886.0
2019-04-09,96.059,98.479,96.059,98.129,20489.0
2019-04-10,98.869,100.439,96.489,98.469,37053.0
2019-04-11,98.479,98.849,95.999,96.959,25162.0
2019-04-12,96.959,98.489,96.279,97.289,16839.0
2019-04-15,97.809,98.449,93.359,93.569,34407.0
2019-04-16,93.659,94.789,91.479,94.079,23553.0
2019-04-17,94.379,96.799,94.379,95.749,17233.0
2019-04-18,95.579,95.979,94.879,94.979,9127.0
2019-04-19,94.499,96.369,92.529,95.889,18129.0
2019-04-22,95.839,97.079,94.279,95.979,13615.0
2019-04-23,96.109,100.419,95.779,99.029,34179.0
2019-04-24,99.679,100.559,97.979,99.869,18583.0
2019-04-25,99.869,105.969,99.379,102.059,42650.0
2019-04-26,101.479,105.859,100.679,103.789,30941.0
2019-04-29,103.799,112.989,103.799,108.929,46733.0
2019-04-30,108.479,111.979,107.079,108.819,25037.0
2019-05-06,102.479,103.969,98.979,101.479,46188.0
2019-05-07,102.929,108.579,102.929,104.229,36071.0
2019-05-08,100.479,110.039,99.979,107.379,36155.0
2019-05-09,106.869,108.469,103.839,104.089,26247.0
2019-05-10,106.779,113.499,104.979,112.479,37382.0
2019-05-13,110.679,117.979,110.559,115.609,27984.0
2019-05-14,113.289,115.289,110.619,111.739,30696.0
2019-05-15,111.579,112.179,108.119,111.179,30081.0
2019-05-16,110.959,110.959,107.279,109.679,25721.0
2019-05-17,108.979,112.469,105.779,107.159,23291.0
2019-05-20,107.969,107.969,102.179,105.079,23124.0
2019-05-21,106.079,111.299,105.009,110.759,25257.0
2019-05-22,109.989,111.579,108.489,109.499,11727.0
2019-05-23,109.479,109.479,107.459,107.779,9643.0
2019-05-24,108.029,109.629,106.259,107.669,13237.0
2019-05-27,108.009,111.939,106.979,111.599,14526.0
2019-05-28,111.479,115.689,110.309,115.689,27971.0
2019-05-29,113.989,114.979,112.249,114.489,10888.0
2019-05-30,113.079,116.179,111.539,114.679,16753.0
2019-05-31,115.479,118.949,114.539,116.479,18696.0
2019-06-03,116.959,120.859,116.479,120.779,26663.0
2019-06-04,121.299,122.279,115.759,116.479,27312.0
2019-06-05,117.999,125.639,117.479,122.579,34288.0
2019-06-06,120.979,121.009,116.579,117.979,30859.0
2019-06-10,117.979,122.309,117.979,120.659,13324.0
2019-06-11,120.659,124.079,120.079,124.029,19964.0
2019-06-12,122.979,126.479,121.829,125.979,16525.0
2019-06-13,125.479,126.019,122.179,122.939,19033.0
2019-06-14,122.959,123.749,120.329,120.979,17836.0
2019-06-17,121.119,123.039,117.979,119.579,19353.0
2019-06-18,120.379,122.639,118.489,122.279,16387.0
2019-06-19,124.989,125.779,122.599,123.239,16006.0
2019-06-20,123.729,127.579,122.779,126.729,24784.0
2019-06-21,129.139,129.979,125.369,126.489,37980.0
2019-06-24,126.929,127.519,124.159,127.309,23455.0
2019-06-25,126.119,126.879,123.289,123.669,18208.0
2019-06-26,123.039,127.229,122.799,127.229,18305.0
2019-06-27,127.959,132.579,126.689,131.379,21192.0
2019-06-28,131.429,133.479,130.159,132.179,11748.0
2019-07-01,133.489,137.579,133.489,137.529,18133.0
2019-07-02,138.909,144.559,137.539,142.979,34915.0
2019-07-03,141.879,142.969,131.979,134.779,41046.0
2019-07-04,134.569,135.729,128.989,131.569,29072.0
2019-07-05,131.479,134.259,130.579,132.979,23562.0
2019-07-08,131.989,133.339,129.579,131.979,20354.0
2019-07-09,132.849,132.929,129.779,131.179,10565.0
2019-07-10,131.889,134.379,130.519,134.239,18168.0
2019-07-11,135.489,136.979,131.159,131.869,20703.0
2019-07-12,131.229,133.639,126.969,127.979,26071.0
2019-07-15,128.969,129.449,123.859,128.049,25716.0
2019-07-16,128.049,128.919,121.569,123.409,37659.0
2019-07-17,122.639,127.629,122.639,126.979,24304.0
2019-07-18,127.089,128.879,125.279,126.189,15010.0
2019-07-19,126.749,128.579,125.379,125.579,12928.0
2019-07-22,126.129,127.989,122.349,125.819,13782.0
2019-07-23,126.329,126.819,123.579,124.149,11293.0
2019-07-24,125.429,129.129,123.679,127.979,16989.0
2019-07-25,127.509,132.179,126.029,132.079,26064.0
2019-07-26,130.979,135.189,130.419,133.379,20394.0
2019-07-29,134.479,134.849,129.279,129.979,21926.0
2019-07-30,129.079,133.069,129.039,131.359,12991.0
2019-07-31,130.129,131.569,127.279,127.879,14128.0
2019-08-01,127.099,129.839,125.219,126.759,18461.0
2019-08-02,123.969,128.309,123.279,127.579,14316.0
2019-08-05,126.369,126.959,117.969,122.339,36541.0
2019-08-06,118.979,123.839,118.189,121.789,21934.0
2019-08-07,122.639,126.209,122.009,124.849,17972.0
2019-08-08,126.279,130.629,123.979,129.129,20285.0
2019-08-09,129.969,133.369,128.269,129.349,27473.0
2019-08-12,129.279,131.849,128.979,130.009,12642.0
2019-08-13,130.009,133.159,129.459,131.989,16746.0
2019-08-14,133.979,135.459,132.009,134.059,18448.0
2019-08-15,132.419,135.179,131.979,134.079,10362.0
2019-08-16,135.179,137.929,134.079,135.489,14596.0
2019-08-19,139.319,140.749,136.629,138.279,23624.0
2019-08-20,140.359,140.879,137.979,139.499,13490.0
2019-08-21,139.499,139.959,135.699,137.469,23115.0
2019-08-22,137.439,139.329,136.579,139.099,13823.0
2019-08-23,138.559,144.679,137.479,144.379,22187.0
2019-08-26,142.479,147.479,141.779,143.969,22623.0
2019-08-27,144.979,152.439,144.979,151.579,28766.0
2019-08-28,151.489,153.899,147.469,150.889,19499.0
2019-08-29,149.979,150.369,144.359,148.059,26622.0
2019-08-30,148.979,160.439,146.999,155.329,31853.0
2019-09-02,154.969,160.979,154.029,158.819,17423.0
2019-09-03,158.819,158.819,151.209,153.439,30591.0
2019-09-04,152.459,153.749,148.879,151.839,19533.0
2019-09-05,152.579,154.969,149.309,151.309,26246.0
2019-09-06,151.279,152.809,148.979,152.379,18283.0
2019-09-09,153.079,153.969,150.059,151.259,18177.0
2019-09-10,151.869,151.959,147.239,148.879,21968.0
2019-09-11,150.249,152.149,146.979,149.179,14089.0
2019-09-12,149.189,149.779,147.129,149.239,11426.0
2019-09-16,149.979,151.639,147.279,150.879,15731.0
2019-09-17,150.479,154.479,149.559,150.949,16941.0
2019-09-18,151.849,153.829,150.209,153.639,19301.0
2019-09-19,154.879,155.529,151.139,153.049,13048.0
2019-09-20,152.509,157.369,152.149,156.139,24122.0
2019-09-23,155.889,155.889,150.539,152.339,15693.0
2019-09-24,151.039,157.829,150.979,155.959,19744.0
2019-09-25,155.129,160.079,154.609,158.809,19286.0
2019-09-26,160.139,165.579,158.009,158.859,23888.0
2019-09-27,157.939,161.859,155.319,158.819,17857.0
2019-09-30,157.979,157.979,150.979,153.439,20511.0
2019-10-08,150.979,159.459,149.979,152.469,22732.0
2019-10-09,151.239,156.279,141.459,144.279,40185.0
2019-10-10,146.879,155.499,145.979,154.009,35464.0
2019-10-11,154.439,156.779,150.459,151.339,21751.0
2019-10-14,151.979,155.479,148.019,148.989,35723.0
2019-10-15,148.969,153.479,146.559,148.829,28733.0
2019-10-16,138.979,149.979,138.979,141.109,212950.0
2019-10-17,144.559,149.729,142.829,148.259,178448.0
2019-10-18,149.319,151.969,145.799,145.879,73394.0
2019-10-21,146.269,147.299,141.369,144.159,65499.0
2019-10-22,145.309,146.379,143.079,144.989,58327.0
2019-10-23,145.179,145.399,142.979,143.849,29320.0
2019-10-24,143.979,144.459,138.879,140.889,44643.0
2019-10-25,141.079,145.979,140.079,145.269,55751.0
2019-10-28,144.979,145.969,140.989,145.179,59386.0
2019-10-29,145.739,148.969,144.689,147.559,85884.0
2019-10-30,149.879,150.679,146.979,148.139,80878.0
2019-10-31,149.969,150.129,145.509,146.979,62094.0
2019-11-01,147.959,149.209,147.179,148.779,67133.0
2019-11-04,150.199,159.479,149.289,157.079,126309.0
2019-11-05,158.259,162.669,156.559,161.929,70576.0
2019-11-06,161.789,161.859,157.649,158.289,49241.0
2019-11-07,158.979,164.289,158.289,163.979,52599.0
2019-11-08,165.529,165.579,161.999,163.439,37904.0
2019-11-11,163.439,164.579,157.859,158.279,40644.0
2019-11-12,158.989,162.679,158.089,160.249,39366.0
2019-11-13,160.259,169.229,159.529,166.579,57990.0
2019-11-14,166.609,168.659,165.079,166.979,40905.0
2019-11-15,166.999,168.979,162.089,162.979,46742.0
2019-11-18,161.969,163.929,159.979,163.289,26508.0
2019-11-19,162.479,165.259,161.789,163.999,37380.0
2019-11-20,163.789,167.659,163.479,163.989,41772.0
2019-11-21,163.859,163.979,158.639,158.979,41036.0
2019-11-22,160.479,160.779,147.179,151.669,77549.0
2019-11-25,152.129,154.779,147.529,151.479,47603.0
2019-11-26,152.979,154.579,151.979,153.629,44322.0
2019-11-27,153.229,153.739,148.879,151.989,35946.0
2019-11-28,153.279,156.859,152.489,153.829,42454.0
2019-11-29,152.479,153.829,146.279,148.679,48629.0
2019-12-02,148.879,151.879,147.259,149.329,33513.0
2019-12-03,148.979,149.879,142.649,149.009,55407.0
2019-12-04,148.059,150.979,147.079,150.159,34560.0
2019-12-05,151.279,152.329,150.189,151.279,29641.0
2019-12-06,151.979,155.159,150.089,155.159,42596.0
2019-12-09,154.759,155.759,147.939,150.879,69092.0
2019-12-10,150.479,152.659,148.979,149.579,33499.0
2019-12-11,149.499,149.499,145.779,147.429,54810.0
2019-12-12,147.789,149.849,146.679,149.479,56129.0
2019-12-13,150.279,156.929,149.469,154.279,82404.0
2019-12-16,154.279,155.479,149.189,150.739,59972.0
2019-12-17,150.749,151.639,149.479,150.729,49793.0
2019-12-18,150.959,150.979,146.739,147.459,49892.0
2019-12-19,148.349,148.449,147.039,148.279,18917.0
2019-12-20,148.299,148.699,144.869,145.029,52346.0
2019-12-23,145.289,147.619,143.249,143.529,32160.0
2019-12-24,143.979,146.909,140.559,145.079,47400.0
2019-12-25,144.519,145.459,142.959,144.929,26994.0
2019-12-26,144.919,148.049,144.289,147.129,28340.0
2019-12-27,146.379,148.279,144.359,144.459,28641.0
2019-12-30,144.459,147.979,143.979,147.099,30945.0
2019-12-31,148.089,150.879,147.079,150.879,33624.0
2020-01-02,150.979,151.559,148.639,149.309,36790.0
2020-01-03,151.069,151.069,146.749,146.979,34428.0
2020-01-06,145.939,147.529,145.029,145.599,39597.0
2020-01-07,146.579,149.909,145.599,149.679,35443.0
2020-01-08,148.929,150.949,148.179,149.129,28865.0
2020-01-09,149.229,160.199,149.229,158.839,73483.0
2020-01-10,158.699,159.839,155.989,156.479,36284.0
2020-01-13,156.979,157.829,153.979,157.279,32671.0
2020-01-14,158.329,158.969,154.759,155.979,27935.0
2020-01-15,155.979,158.579,155.559,157.419,33800.0
2020-01-16,157.419,162.879,156.219,161.679,44974.0
2020-01-17,162.059,163.679,158.979,162.029,30569.0
2020-01-20,163.989,164.949,160.159,163.019,38511.0
2020-01-21,163.459,169.179,160.979,162.349,45170.0
2020-01-22,163.979,164.669,157.889,162.249,43898.0
2020-01-23,163.979,163.979,154.919,156.659,43948.0
2020-02-03,156.659,166.259,146.979,154.979,88488.0
2020-02-04,156.849,173.359,156.209,168.969,100563.0
2020-02-05,175.859,188.969,174.979,188.969,110011.0
2020-02-06,198.969,198.969,186.679,190.819,142390.0
2020-02-07,190.879,193.979,181.099,184.849,86639.0
2020-02-10,185.979,194.979,185.979,194.409,94507.0
2020-02-11,193.159,195.479,189.659,192.179,52449.0
2020-02-12,191.979,197.609,190.029,196.979,52875.0
2020-02-13,197.859,199.479,192.979,196.079,43701.0
2020-02-14,194.979,209.979,194.779,205.529,60357.0
2020-02-17,209.559,220.509,208.979,210.329,62915.0
2020-02-18,207.039,213.879,206.969,211.269,38526.0
2020-02-19,207.989,210.959,202.979,203.779,63000.0
2020-02-20,203.779,206.779,202.109,203.969,48463.0
2020-02-21,202.129,211.359,199.049,209.319,65664.0
2020-02-24,211.479,220.519,211.079,219.059,81363.0
2020-02-25,219.979,233.469,217.059,228.359,80600.0
2020-02-26,227.979,228.279,216.279,216.879,79817.0
2020-02-27,217.479,219.879,211.729,214.079,62561.0
2020-02-28,212.979,216.789,205.979,207.979,104828.0
2020-03-02,214.979,216.479,208.989,211.949,63696.0
2020-03-03,227.979,236.249,226.479,230.969,103758.0
2020-03-04,232.979,232.979,220.749,225.989,67065.0
2020-03-05,232.979,238.989,228.079,230.199,70614.0
2020-03-06,223.979,238.479,223.559,232.479,53645.0
2020-03-09,229.769,244.519,227.529,235.679,66851.0
2020-03-10,232.979,236.529,216.039,228.159,98251.0
2020-03-11,228.179,229.859,216.769,217.979,68945.0
2020-03-12,224.659,224.769,209.979,213.179,87440.0
2020-03-13,199.879,221.189,197.309,215.239,96254.0
2020-03-16,218.979,229.389,206.979,209.549,105552.0
2020-03-17,214.719,217.979,199.039,211.479,68529.0
2020-03-18,212.979,214.369,203.179,203.479,70041.0
2020-03-19,201.499,204.879,188.979,195.269,93984.0
2020-03-20,199.079,206.889,196.979,204.979,81864.0
2020-03-23,201.279,216.559,200.979,211.529,92369.0
2020-03-24,218.979,218.979,208.839,212.179,60815.0
2020-03-25,216.799,223.889,216.799,222.859,60961.0
2020-03-26,223.789,239.479,221.199,237.679,91674.0
2020-03-27,242.679,242.849,225.979,231.809,80828.0
2020-03-30,233.979,242.329,226.529,227.669,82111.0
2020-03-31,227.679,233.979,225.179,230.679,59283.0
2020-04-01,231.979,232.779,222.569,223.809,60856.0
2020-04-02,223.809,223.989,216.479,223.079,74541.0
2020-04-03,223.079,229.979,222.059,225.859,74911.0
2020-04-07,229.579,235.659,222.989,233.699,97734.0
2020-04-08,232.439,240.579,229.729,235.959,65026.0
2020-04-09,236.179,244.729,232.879,240.469,68931.0
2020-04-10,235.979,236.199,228.829,230.389,75172.0
2020-04-13,230.489,234.179,227.779,229.679,35269.0
2020-04-14,232.009,232.579,227.479,229.979,52900.0
2020-04-15,231.069,237.479,229.989,233.539,53213.0
2020-04-16,230.929,232.979,226.079,231.479,41950.0
2020-04-17,231.079,232.459,227.979,228.219,55834.0
2020-04-20,228.979,238.479,228.979,234.929,65284.0
2020-04-21,234.949,237.479,231.979,236.999,43293.0
2020-04-22,235.759,242.239,231.059,241.599,47605.0
2020-04-23,242.959,246.739,237.989,239.499,42563.0
2020-04-24,239.509,241.279,234.329,234.649,30544.0
2020-04-27,236.529,243.579,233.339,241.969,41445.0
2020-04-28,242.239,244.999,236.979,243.079,38391.0
2020-04-29,239.499,241.499,230.979,233.679,53422.0
2020-04-30,232.969,232.979,223.979,225.279,79156.0
2020-05-06,221.979,230.919,221.059,229.759,56463.0
2020-05-07,232.279,234.969,228.769,233.679,35143.0
2020-05-08,235.979,237.479,232.359,235.189,36621.0
2020-05-11,237.479,237.929,227.479,229.079,52861.0
2020-05-12,229.079,230.259,227.079,229.259,38298.0
2020-05-13,229.979,237.579,229.259,236.169,57519.0
2020-05-14,236.179,240.169,234.269,236.779,46639.0
2020-05-15,238.279,238.279,227.479,230.659,59427.0
2020-05-18,231.979,238.479,229.059,235.499,75129.0
2020-05-19,238.389,240.859,235.489,240.209,69547.0
2020-05-20,240.479,245.289,232.359,233.499,64248.0
2020-05-21,237.279,259.059,236.249,253.489,124044.0
2020-05-22,253.479,253.509,241.279,244.609,66774.0
2020-05-25,245.479,250.759,239.629,249.479,44502.0
2020-05-26,251.479,256.939,246.499,256.169,51206.0
2020-05-27,254.979,257.479,245.579,247.429,47787.0
2020-05-28,248.499,248.779,238.199,242.179,45100.0
2020-05-29,241.579,249.279,239.579,249.279,43723.0
2020-06-01,249.279,253.029,244.479,251.739,43098.0
2020-06-02,250.379,251.469,243.779,246.139,43033.0
2020-06-03,246.139,251.469,243.809,247.039,44050.0
2020-06-04,247.059,247.779,241.279,244.679,40887.0
2020-06-05,244.679,244.679,241.499,244.309,29914.0
2020-06-08,245.279,246.079,240.139,241.429,56629.0
2020-06-09,240.539,244.379,237.589,243.009,42865.0
2020-06-10,241.579,246.459,241.439,244.309,39299.0
2020-06-11,244.279,249.279,241.779,243.179,50743.0
2020-06-12,239.979,249.659,239.489,248.379,73992.0
2020-06-15,253.479,261.469,252.579,253.189,80363.0
2020-06-16,258.469,259.979,254.479,257.309,57334.0
2020-06-17,257.809,261.439,254.559,255.009,58205.0
2020-06-18,255.359,256.079,248.479,250.219,57377.0
2020-06-19,251.489,267.079,251.479,264.829,92444.0
2020-06-22,267.479,273.429,264.879,268.079,63695.0
2020-06-23,268.099,274.709,266.619,273.039,52543.0
2020-06-24,273.489,278.269,265.609,269.669,64212.0
2020-06-29,271.529,274.459,269.669,272.329,43087.0
2020-06-30,274.099,280.419,272.999,276.179,41213.0
2020-07-01,277.479,280.029,265.599,268.979,62554.0
2020-07-02,265.579,269.349,258.429,261.059,84977.0
2020-07-03,260.619,268.979,256.479,267.169,70618.0
2020-07-06,266.909,266.909,259.679,261.849,104240.0
2020-07-07,261.529,278.189,257.359,270.119,106012.0
2020-07-08,274.019,277.549,270.129,271.699,68543.0
2020-07-09,272.479,292.479,271.929,290.439,109092.0
2020-07-10,290.439,295.459,286.539,289.149,57868.0
2020-07-13,288.979,301.979,287.879,299.979,71961.0
2020-07-14,299.459,305.379,290.479,296.889,56365.0
2020-07-15,307.979,329.459,307.979,317.469,118605.0
2020-07-16,322.439,322.439,297.489,301.179,87934.0
2020-07-17,306.479,321.459,304.479,311.379,77480.0
2020-07-20,314.429,320.339,300.489,308.479,61286.0
2020-07-21,309.479,321.289,303.479,315.229,61369.0
2020-07-22,315.229,325.479,313.189,318.779,58090.0
2020-07-23,315.579,323.179,312.479,323.079,60077.0
2020-07-24,319.479,320.479,298.989,302.869,76844.0
2020-07-27,306.279,312.839,300.979,304.479,52146.0
2020-07-28,309.479,310.469,300.959,310.469,39873.0
2020-07-29,308.479,315.109,306.499,313.459,42904.0
2020-07-30,314.279,317.429,307.489,308.629,43564.0
2020-07-31,308.629,318.979,307.979,317.469,58608.0
2020-08-03,317.469,318.459,312.479,315.439,52972.0
2020-08-04,314.879,319.479,310.479,311.989,44048.0
2020-08-05,310.389,315.849,308.479,314.799,34300.0
2020-08-06,315.149,316.309,303.829,305.479,49621.0
2020-08-07,304.479,308.279,290.479,297.849,52150.0
2020-08-10,295.479,297.429,288.499,293.959,47924.0
2020-08-11,295.479,300.329,286.979,286.979,41142.0
2020-08-12,287.969,290.479,277.249,282.979,52516.0
2020-08-13,286.479,287.059,282.479,283.479,31739.0
2020-08-14,285.639,288.979,280.979,286.199,30633.0
2020-08-17,285.479,287.159,277.379,284.479,44075.0
2020-08-18,284.479,293.969,283.479,289.479,38747.0
2020-08-19,288.979,289.279,279.479,279.479,34191.0
2020-08-20,279.479,284.979,275.589,280.869,30866.0
2020-08-21,284.489,292.249,281.709,288.199,44340.0
2020-08-24,291.229,294.629,285.119,288.259,44783.0
2020-08-25,288.249,295.799,285.669,292.579,47697.0
2020-08-26,292.579,299.479,287.479,287.569,45239.0
2020-08-27,287.759,298.979,287.759,297.779,36891.0
2020-08-28,300.429,312.479,300.299,309.799,67486.0
2020-08-31,313.479,319.979,307.779,312.929,42662.0
2020-09-01,312.479,317.619,309.979,317.329,36187.0
2020-09-02,320.479,320.979,312.339,317.779,35525.0
2020-09-03,317.469,325.479,313.479,314.359,43546.0
2020-09-04,313.479,315.479,302.259,306.479,46083.0
2020-09-07,306.659,310.599,293.579,295.489,39873.0
2020-09-08,295.519,302.759,292.479,299.379,38759.0
2020-09-09,296.119,297.969,281.789,282.599,58443.0
2020-09-10,285.479,298.039,285.109,288.589,45776.0
2020-09-11,290.479,301.049,289.009,299.369,34015.0
2020-09-14,305.079,312.379,301.079,307.309,51149.0
2020-09-15,307.499,310.469,304.919,308.589,28681.0
2020-09-16,310.669,311.469,296.479,298.589,33218.0
2020-09-17,299.679,299.679,284.909,288.029,49399.0
2020-09-18,290.989,294.459,285.279,294.329,31420.0
2020-09-21,294.349,296.479,286.459,290.029,31903.0
2020-09-22,292.379,311.359,289.509,307.479,69840.0
2020-09-23,305.479,309.469,303.149,307.139,30615.0
2020-09-24,304.379,305.439,300.479,301.389,30888.0
2020-09-25,303.329,306.079,298.219,300.479,21987.0
2020-09-28,300.479,305.079,297.889,300.969,27377.0
2020-09-29,304.479,311.479,301.329,309.809,39541.0
2020-09-30,309.819,323.139,309.789,318.479,42654.0
2020-10-09,325.379,333.599,324.509,328.579,39287.0
2020-10-12,331.479,347.279,331.479,347.079,56300.0
2020-10-13,347.459,354.429,342.679,347.979,27821.0
2020-10-14,344.219,352.479,343.359,352.479,30898.0
2020-10-15,342.479,345.679,332.039,342.139,61116.0
2020-10-16,341.979,351.079,341.689,345.979,31155.0
2020-10-19,350.119,350.479,335.679,337.989,37341.0
2020-10-20,341.979,344.979,338.049,342.479,23238.0
2020-10-21,346.479,347.479,334.609,337.029,25705.0
2020-10-22,336.539,339.479,330.479,336.099,25304.0
2020-10-23,334.079,335.369,324.479,325.479,29968.0
2020-10-26,322.489,333.479,319.499,333.479,29707.0
2020-10-27,333.479,337.039,326.779,333.199,30964.0
2020-10-28,335.969,348.279,332.489,344.479,49995.0
2020-10-29,345.479,370.479,344.569,365.479,64582.0
2020-10-30,360.879,365.969,354.629,357.279,43544.0
2020-11-02,360.489,365.969,356.079,363.689,36262.0
2020-11-03,362.479,379.769,361.479,375.789,44432.0
2020-11-04,374.279,379.489,367.729,376.489,35978.0
2020-11-05,378.709,378.789,353.859,361.299,73815.0
2020-11-06,360.479,361.479,336.479,344.829,90467.0
2020-11-09,347.499,353.479,340.479,350.469,57865.0
2020-11-10,338.279,338.279,324.979,325.469,106316.0
2020-11-11,327.879,328.979,318.239,319.679,62640.0
2020-11-12,321.499,323.919,312.359,314.369,65277.0
2020-11-13,313.879,316.779,310.769,314.329,54719.0
2020-11-16,315.479,324.329,310.479,321.819,73421.0
2020-11-17,321.479,321.669,304.589,309.789,64861.0
2020-11-18,310.079,315.449,300.769,305.279,67859.0
2020-11-19,308.179,316.179,302.359,314.309,56199.0
2020-11-20,314.649,323.479,314.649,316.989,41097.0
2020-11-23,318.279,323.479,313.079,318.979,37388.0
2020-11-24,318.479,318.779,307.979,314.079,37088.0
2020-11-25,310.479,311.019,294.499,294.499,88465.0
2020-11-26,297.479,305.479,297.079,304.259,52123.0
2020-11-27,308.479,315.009,305.979,309.089,36031.0
2020-11-30,308.739,316.359,304.479,307.829,47833.0
2020-12-01,310.179,313.189,306.379,311.579,64131.0
2020-12-02,311.579,312.459,304.279,308.479,37462.0
2020-12-03,309.379,316.489,307.129,315.469,59092.0
2020-12-04,312.479,321.979,312.479,320.479,50317.0
2020-12-07,319.279,319.399,308.279,316.099,48571.0
2020-12-08,316.359,327.479,314.649,322.379,50871.0
2020-12-09,322.979,325.369,313.479,313.609,36704.0
2020-12-10,311.489,323.769,310.679,322.009,52145.0
2020-12-11,325.079,334.819,322.879,326.179,57372.0
2020-12-14,328.959,340.479,326.249,338.619,61675.0
2020-12-15,339.479,350.049,337.059,348.479,50799.0
2020-12-16,347.599,351.359,341.979,347.509,40587.0
2020-12-17,347.979,358.979,343.989,351.989,46690.0
2020-12-18,351.399,355.469,344.489,348.549,31256.0
2020-12-21,350.479,366.479,347.159,366.479,50039.0
2020-12-22,366.479,367.479,357.989,357.989,35368.0
2020-12-23,358.479,364.259,351.529,358.789,43350.0
2020-12-24,355.439,363.979,354.529,359.929,25107.0
2020-12-25,358.479,375.489,358.479,372.979,45765.0
2020-12-28,370.479,377.969,367.479,369.879,32148.0
2020-12-29,371.479,373.479,360.639,372.079,31260.0
2020-12-30,372.069,390.479,368.549,388.539,53153.0
2020-12-31,388.609,398.479,385.979,396.479,39683.0
2021-01-04,395.609,420.469,394.679,404.359,55515.0
2021-01-05,399.479,415.279,396.499,406.499,48448.0
2021-01-06,407.479,425.979,407.479,420.279,54066.0
2021-01-07,420.029,427.659,416.379,426.469,44265.0
2021-01-08,432.829,438.739,410.609,420.379,60641.0
2021-01-11,420.479,439.479,414.739,423.679,54542.0
2021-01-12,424.979,431.079,410.659,430.479,49469.0
2021-01-13,426.579,428.479,401.499,403.889,81264.0
2021-01-14,401.489,407.779,395.229,396.469,51168.0
2021-01-15,400.479,415.479,395.489,412.459,61035.0
2021-01-18,412.079,417.479,403.729,410.249,39042.0
2021-01-19,408.849,411.509,391.479,396.389,51851.0
2021-01-20,398.479,419.979,393.539,415.029,49582.0
2021-01-21,420.479,433.989,420.479,427.389,53460.0
2021-01-22,422.479,450.479,422.479,448.659,56868.0
2021-01-25,449.479,466.479,449.479,458.479,58485.0
2021-01-26,450.479,455.379,417.479,423.699,79042.0
2021-01-27,423.689,433.779,406.479,425.179,54358.0
2021-01-28,408.589,429.199,408.589,413.929,32111.0
2021-01-29,420.479,432.969,412.149,418.869,38886.0
2021-02-01,421.279,434.479,419.479,430.579,36716.0
2021-02-02,431.049,434.339,410.479,430.429,48639.0
2021-02-03,428.979,438.579,424.839,430.879,33654.0
2021-02-04,426.509,443.259,420.679,429.589,38861.0
2021-02-05,433.479,460.479,429.509,453.889,41578.0
2021-02-08,452.759,457.899,432.579,457.899,49514.0
2021-02-09,456.519,463.479,446.979,462.089,33697.0
2021-02-10,462.359,471.019,450.489,465.029,44199.0
2021-02-18,470.989,473.989,430.479,436.979,62218.0
2021-02-19,434.679,437.519,415.489,432.119,51070.0
2021-02-22,432.129,432.179,407.499,409.479,74135.0
2021-02-23,400.579,414.329,396.489,403.129,53322.0
2021-02-24,405.479,408.459,384.569,390.479,77410.0
2021-02-25,396.979,402.359,388.529,390.979,43518.0
2021-02-26,382.979,395.479,374.229,388.479,49238.0
2021-03-01,394.679,398.469,377.009,393.179,42664.0
2021-03-02,397.479,401.879,374.079,374.659,61030.0
2021-03-03,372.489,381.459,368.479,375.249,56139.0
2021-03-04,371.489,373.479,354.209,355.849,71551.0
2021-03-05,347.479,362.289,342.479,356.479,57830.0
2021-03-08,359.299,362.259,327.799,327.799,68984.0
2021-03-09,327.529,337.479,316.979,318.699,75040.0
2021-03-10,333.479,345.329,331.479,338.409,70497.0
2021-03-11,340.649,355.479,337.519,342.479,58965.0
2021-03-12,344.479,355.499,341.479,354.509,53771.0
2021-03-15,349.479,349.479,324.479,331.589,69573.0
2021-03-16,335.479,338.479,328.479,336.479,38846.0
2021-03-17,335.529,343.479,325.429,338.689,39847.0
2021-03-18,344.479,355.189,340.739,350.429,39725.0
2021-03-19,342.239,343.479,325.479,331.479,54246.0
2021-03-22,330.629,339.469,327.919,331.679,37399.0
2021-03-23,331.979,347.729,330.589,337.139,39357.0
2021-03-24,336.299,353.479,336.279,346.479,47962.0
2021-03-25,344.479,355.409,340.649,352.849,39075.0
2021-03-26,355.789,361.349,346.479,356.489,60703.0
2021-03-29,356.479,370.269,353.509,363.269,46429.0
2021-03-30,363.689,379.359,361.929,379.359,39517.0
2021-03-31,377.479,377.479,365.489,369.589,46379.0
2021-04-01,371.579,386.479,371.579,379.509,29776.0
2021-04-02,380.269,387.239,372.989,378.029,32872.0
2021-04-06,377.929,377.979,366.179,369.879,30787.0
2021-04-07,370.679,372.279,362.479,367.859,35142.0
2021-04-08,367.479,387.479,363.609,383.689,42944.0
2021-04-09,387.829,390.279,370.509,373.079,31099.0
2021-04-12,372.919,381.469,362.479,363.489,31402.0
2021-04-13,365.479,375.979,365.059,365.769,31085.0
2021-04-14,371.589,380.379,368.489,375.609,36013.0
2021-04-15,370.679,372.909,355.479,367.979,47574.0
2021-04-16,370.979,376.469,363.029,372.679,28988.0
2021-04-19,370.479,381.979,367.479,381.479,34860.0
2021-04-20,381.079,391.489,374.339,383.629,45574.0
2021-04-21,379.589,387.479,377.479,385.059,28600.0
2021-04-22,385.069,386.379,373.329,377.679,39442.0
2021-04-23,378.979,406.209,378.479,405.779,68279.0
2021-04-26,417.479,424.479,407.479,409.479,64287.0
2021-04-27,409.489,421.549,405.609,421.279,43978.0
2021-04-28,421.479,427.869,415.479,426.479,45590.0
2021-04-29,422.279,427.649,414.919,421.779,47882.0
2021-04-30,427.489,436.849,421.789,436.829,47504.0
2021-05-06,425.479,430.439,411.479,419.329,53287.0
2021-05-07,419.329,420.479,396.079,396.489,47066.0
2021-05-10,396.489,408.809,391.479,399.479,36456.0
2021-05-11,398.449,410.679,393.479,406.339,34712.0
2021-05-12,407.259,424.579,403.979,421.359,35415.0
2021-05-13,416.479,424.139,408.629,423.239,36405.0
2021-05-14,418.429,426.159,415.559,420.649,39345.0
2021-05-17,426.489,460.229,426.489,443.779,64069.0
2021-05-18,443.789,456.459,438.349,441.949,30889.0
2021-05-19,439.979,445.599,434.279,435.279,22691.0
2021-05-20,440.479,448.469,436.579,446.989,34622.0
2021-05-21,452.479,454.779,443.059,451.079,38900.0
2021-05-24,452.489,454.449,424.479,442.179,54819.0
2021-05-25,444.919,457.319,443.459,456.069,40675.0
2021-05-26,454.479,459.069,448.039,454.289,26343.0
2021-05-27,455.479,465.529,448.479,465.479,37875.0
2021-05-28,459.979,466.949,453.099,457.509,35783.0
2021-05-31,459.979,460.469,450.209,455.979,28526.0
2021-06-01,457.379,466.349,453.169,464.979,32771.0
2021-06-02,464.979,464.979,444.729,455.979,43245.0
2021-06-03,453.989,457.179,440.089,448.779,32960.0
2021-06-04,447.979,460.979,446.979,457.179,29909.0
2021-06-07,457.989,459.969,447.989,456.279,21778.0
2021-06-08,457.979,462.529,445.999,454.529,27434.0
2021-06-09,454.919,456.979,447.959,451.969,24256.0
2021-06-10,451.819,464.469,451.779,459.079,35856.0
2021-06-11,459.749,461.939,442.979,442.979,48279.0
2021-06-15,443.319,457.979,435.979,439.129,43148.0
2021-06-16,445.129,445.479,415.549,415.549,51955.0
2021-06-17,417.979,432.869,411.239,429.579,41696.0
2021-06-18,429.799,440.509,422.729,428.969,32821.0
2021-06-21,424.979,432.399,418.999,422.899,37456.0
2021-06-22,425.179,451.979,418.129,450.079,60566.0
2021-06-23,450.079,451.779,439.669,441.419,31940.0
2021-06-24,439.519,442.979,423.779,434.899,32555.0
2021-06-25,432.779,444.409,427.149,441.659,32422.0
2021-06-28,442.579,444.419,438.079,442.939,28150.0
2021-06-29,447.989,457.969,441.809,450.819,44385.0
2021-06-30,457.969,458.979,444.169,453.029,27720.0
2021-07-01,450.989,474.979,447.859,468.969,51072.0
2021-07-02,462.979,463.639,423.979,424.059,95293.0
2021-07-05,422.979,434.239,416.979,426.959,46601.0
2021-07-06,429.809,429.809,397.979,407.379,66114.0
2021-07-07,412.979,438.979,410.099,430.629,51670.0
2021-07-08,431.979,432.859,417.989,420.239,41890.0
2021-07-09,414.779,423.939,406.989,417.389,30946.0
2021-07-12,418.119,435.479,413.989,431.589,42008.0
2021-07-13,435.979,435.979,416.979,420.989,31907.0
2021-07-14,421.669,437.759,415.359,429.959,34230.0
2021-07-15,429.969,430.959,419.839,429.959,25663.0
2021-07-16,429.259,429.979,405.979,406.979,51051.0
2021-07-19,406.979,433.979,405.359,431.929,54467.0
2021-07-20,434.989,439.849,419.839,423.329,36407.0
2021-07-21,426.459,431.159,421.999,428.789,41106.0
2021-07-22,432.989,435.859,423.979,424.979,34542.0
2021-07-23,423.479,423.489,397.979,407.979,61734.0
2021-07-26,400.329,400.979,373.479,383.329,85218.0
2021-07-27,379.079,388.829,362.729,364.549,66128.0
2021-07-28,367.759,388.479,363.979,386.969,66298.0
2021-07-29,397.319,408.529,392.979,399.299,56733.0
2021-07-30,399.199,399.199,358.979,363.329,118780.0
2021-08-02,367.469,376.489,342.809,370.779,88065.0
2021-08-03,379.469,384.959,362.979,382.379,61074.0
2021-08-04,362.969,362.969,345.879,353.289,160344.0
2021-08-05,358.079,366.759,342.979,358.719,91029.0
2021-08-06,354.179,361.449,352.979,357.029,53557.0
2021-08-09,357.059,371.979,354.019,358.979,60271.0
2021-08-10,362.969,378.979,351.479,376.379,73798.0
2021-08-11,382.479,382.479,355.279,357.959,56731.0
2021-08-12,357.279,363.979,346.249,348.179,55597.0
2021-08-13,349.219,351.889,333.329,337.879,78229.0
2021-08-16,337.979,343.659,333.059,340.419,48687.0
2021-08-17,340.879,340.879,313.049,317.569,171325.0
2021-08-18,321.089,323.979,314.119,320.179,67367.0
2021-08-19,321.659,326.879,306.579,308.249,98599.0
2021-08-20,291.979,297.979,249.289,251.069,363443.0
2021-08-23,258.089,276.969,254.479,273.679,232413.0
2021-08-24,282.719,283.779,272.979,278.509,126854.0
2021-08-25,284.979,302.979,274.189,291.779,141553.0
2021-08-26,302.979,310.719,289.319,294.429,146689.0
2021-08-27,295.539,307.279,293.119,296.229,96961.0
2021-08-30,299.979,302.779,287.379,291.979,99652.0
2021-08-31,291.879,304.679,288.859,300.979,82423.0
2021-09-01,296.779,309.179,289.079,303.979,85431.0
2021-09-02,304.949,312.969,296.489,297.639,74191.0
2021-09-03,297.389,310.659,290.279,304.179,67107.0
2021-09-06,299.399,337.879,298.079,329.629,104935.0
2021-09-07,327.029,328.679,313.569,318.959,77991.0
2021-09-08,321.489,322.539,297.989,305.979,79966.0
2021-09-09,306.309,312.779,298.789,307.129,61113.0
2021-09-10,307.179,308.679,299.979,304.679,60741.0
2021-09-13,306.679,319.969,306.679,309.319,58930.0
2021-09-14,309.379,318.569,309.099,312.079,43410.0
2021-09-15,309.979,317.949,299.559,301.479,65128.0
2021-09-16,300.979,317.399,297.809,306.989,61295.0
2021-09-17,303.979,341.979,302.479,335.979,99679.0
2021-09-22,335.669,358.639,334.079,352.929,75334.0
2021-09-23,351.359,352.559,338.209,341.159,64295.0
2021-09-24,338.179,358.539,338.179,347.979,69629.0
2021-09-27,350.979,361.749,347.979,351.579,68269.0
2021-09-28,349.429,361.579,346.979,352.979,50681.0
2021-09-29,347.989,353.749,340.479,347.479,36725.0
2021-09-30,347.069,359.759,343.459,358.399,48650.0
2021-10-08,361.679,361.859,341.659,349.329,58239.0
2021-10-11,347.979,359.849,334.289,338.859,56826.0
2021-10-12,342.979,358.879,332.979,349.869,66769.0
2021-10-13,352.649,372.859,347.979,367.999,48852.0
2021-10-14,373.379,373.379,356.309,360.979,33323.0
2021-10-15,352.989,361.689,348.989,351.009,51409.0
2021-10-18,351.699,351.859,338.179,342.979,49875.0
2021-10-19,343.969,350.979,340.979,348.279,33773.0
2021-10-20,347.969,348.019,313.189,329.929,112582.0
2021-10-21,332.979,344.779,331.059,337.029,49192.0
2021-10-22,338.639,346.459,332.989,335.969,37631.0
2021-10-25,338.859,342.899,334.079,340.839,34283.0
2021-10-26,345.179,346.459,340.009,340.979,28766.0
2021-10-27,338.979,340.879,330.119,332.959,33993.0
2021-10-28,332.979,346.979,330.299,335.719,47194.0
2021-10-29,337.409,353.629,334.169,349.069,59745.0
2021-11-01,350.639,350.659,337.179,345.689,43402.0
2021-11-02,345.699,354.979,342.979,348.719,44317.0
2021-11-03,351.479,361.709,346.099,353.699,51904.0
2021-11-04,352.479,363.479,347.979,360.979,50349.0
2021-11-05,358.179,375.159,356.669,371.869,59781.0
2021-11-08,370.979,371.749,343.979,347.679,71562.0
2021-11-09,350.679,351.279,341.879,343.279,43777.0
2021-11-10,345.949,347.469,333.989,339.959,38653.0
2021-11-11,340.979,349.959,337.979,344.219,31502.0
2021-11-12,344.809,346.949,337.549,340.189,33265.0
2021-11-15,339.869,345.299,338.279,339.909,24887.0
2021-11-16,340.009,355.779,340.009,354.079,51387.0
2021-11-17,351.779,360.979,349.529,358.489,33543.0
2021-11-18,356.649,356.649,346.159,348.459,27641.0
2021-11-19,343.979,352.669,343.979,351.079,18696.0
2021-11-22,350.109,350.109,338.079,340.959,42860.0
2021-11-23,340.079,341.659,332.979,333.979,36421.0
2021-11-24,332.689,334.979,324.169,333.769,32403.0
2021-11-25,334.329,337.469,329.979,335.979,26245.0
2021-11-26,336.169,337.969,331.979,334.029,20590.0
2021-11-29,338.079,345.629,326.999,335.059,42979.0
2021-11-30,338.569,338.569,327.479,331.409,33469.0
2021-12-01,329.979,332.969,327.539,331.509,23846.0
2021-12-02,331.509,332.859,317.979,318.379,40727.0
2021-12-03,318.869,327.519,318.869,325.979,33419.0
2021-12-06,322.979,327.119,319.779,320.349,28589.0
2021-12-07,320.979,324.779,319.789,322.089,35987.0
2021-12-08,322.089,328.569,315.479,327.879,39045.0
2021-12-09,328.979,345.189,327.889,343.979,71094.0
2021-12-10,341.969,354.739,340.339,343.569,106658.0
2021-12-13,347.279,355.199,340.049,340.119,52452.0
2021-12-14,343.989,348.799,342.079,344.279,33205.0
2021-12-15,343.309,347.949,330.979,331.979,41332.0
2021-12-16,331.979,338.959,330.899,333.229,28966.0
2021-12-17,334.979,335.969,328.979,329.139,27246.0
2021-12-20,327.479,338.859,327.329,331.979,41379.0
2021-12-21,331.979,345.979,330.979,344.979,38963.0
2021-12-22,347.179,349.739,340.649,343.479,21354.0
2021-12-23,343.979,347.639,338.559,346.479,25193.0
2021-12-24,346.589,347.969,342.089,345.079,18784.0
2021-12-27,345.839,350.779,336.989,344.189,23141.0
2021-12-28,344.179,353.979,341.649,351.979,41843.0
2021-12-29,352.979,354.869,347.189,349.119,25204.0
2021-12-30,351.129,356.979,349.139,355.979,32151.0
2021-12-31,355.979,358.579,351.269,353.779,25697.0
2022-01-04,349.779,350.779,311.979,314.859,116244.0
2022-01-05,314.779,321.859,312.979,318.179,53231.0
2022-01-06,315.979,319.939,304.429,310.979,58144.0
2022-01-07,308.979,312.819,297.979,300.969,59764.0
2022-01-10,302.979,303.009,293.199,299.419,49468.0
2022-01-11,295.979,300.709,285.579,291.979,74515.0
2022-01-12,290.989,310.779,289.979,302.899,74614.0
2022-01-13,303.039,304.459,293.029,296.469,42427.0
2022-01-14,302.979,316.299,302.979,310.779,54918.0
2022-01-17,309.979,317.979,304.979,309.879,29431.0
2022-01-18,311.649,317.759,306.309,313.849,29650.0
2022-01-19,314.669,315.669,307.479,308.199,26517.0
2022-01-20,311.549,331.279,310.889,327.919,54095.0
2022-01-21,326.939,330.979,312.079,315.199,42795.0
2022-01-24,309.979,318.479,308.069,310.459,25131.0
2022-01-25,307.979,318.579,305.339,313.979,30272.0
2022-01-26,315.009,317.829,305.089,306.609,22407.0
2022-01-27,302.979,306.569,295.979,298.989,28569.0
2022-01-28,298.989,303.749,294.939,296.259,28082.0
2022-02-07,305.859,313.979,300.059,301.549,19208.0
2022-02-08,301.469,301.469,283.929,291.089,32228.0
2022-02-09,289.029,292.979,283.979,288.489,31619.0
2022-02-10,288.869,289.609,275.559,281.979,40239.0
2022-02-11,280.129,280.129,268.589,269.479,63417.0
2022-02-14,267.409,274.209,263.779,271.879,49943.0
2022-02-15,267.189,293.959,267.189,291.129,69561.0
2022-02-16,292.629,295.079,286.509,291.719,31915.0
2022-02-17,291.779,294.239,288.529,290.579,25039.0
2022-02-18,288.479,295.969,287.089,291.979,26554.0
2022-02-21,293.449,295.679,289.979,293.979,22962.0
2022-02-22,290.979,293.159,286.179,290.679,23670.0
2022-02-23,290.979,295.559,287.479,292.519,30515.0
2022-02-24,293.979,293.979,281.429,286.779,31489.0
2022-02-25,287.479,305.979,287.359,298.889,47942.0
2022-02-28,296.079,301.779,290.989,300.089,29946.0
2022-03-01,300.469,304.929,293.859,299.979,30417.0
2022-03-02,299.969,299.979,291.279,295.179,24657.0
2022-03-03,295.179,302.719,291.679,293.269,20043.0
2022-03-04,289.979,292.979,283.779,286.239,33403.0
2022-03-07,283.079,285.819,275.979,277.779,36495.0
2022-03-08,279.009,285.519,268.989,269.499,43247.0
2022-03-09,269.079,272.559,250.279,259.939,63525.0
2022-03-10,270.699,271.979,264.209,270.369,44592.0
2022-03-11,264.969,282.099,259.979,279.679,55240.0
2022-03-14,283.279,293.629,277.979,281.189,63901.0
2022-03-15,284.179,284.179,265.779,266.299,46845.0
2022-03-16,268.159,276.979,260.979,274.979,47087.0
2022-03-17,281.969,299.299,276.369,293.979,69830.0
2022-03-18,290.769,297.709,288.209,290.099,50384.0
2022-03-21,293.659,293.879,279.939,283.979,39418.0
2022-03-22,283.959,283.959,274.649,277.559,27942.0
2022-03-23,280.879,284.629,277.659,282.789,37521.0
2022-03-24,280.129,291.909,274.979,287.979,39469.0
2022-03-25,285.719,286.319,272.959,272.979,38827.0
2022-03-28,270.479,270.569,262.219,263.479,33325.0
2022-03-29,264.989,267.669,258.979,261.399,27655.0
2022-03-30,264.479,280.979,260.379,280.179,45984.0
2022-03-31,278.079,282.449,276.989,280.229,26281.0
2022-04-01,276.479,284.979,273.359,278.939,28204.0
2022-04-06,277.079,279.959,269.619,274.439,23333.0
2022-04-07,271.989,278.969,271.189,276.379,22005.0
2022-04-08,276.479,286.209,275.089,280.969,28419.0
2022-04-11,280.059,287.579,275.029,285.879,46690.0
2022-04-12,287.199,301.509,284.579,297.819,64455.0
2022-04-13,297.199,306.479,295.049,298.869,49934.0
2022-04-14,296.079,304.979,294.479,301.979,37767.0
2022-04-15,300.979,318.479,298.979,313.779,44897.0
2022-04-18,310.979,314.909,306.149,308.819,25315.0
2022-04-19,307.979,309.859,297.099,301.289,39209.0
2022-04-20,300.969,300.969,271.259,272.679,83658.0
2022-04-21,271.229,275.179,262.259,264.639,50801.0
2022-04-22,262.979,277.929,260.999,274.979,47704.0
2022-04-25,269.619,282.479,268.159,271.429,39565.0
2022-04-26,271.979,295.979,271.979,290.979,59648.0
2022-04-27,290.949,299.749,285.749,291.979,43578.0
2022-04-28,291.979,293.949,286.669,291.979,28362.0
2022-04-29,288.139,291.039,281.509,285.479,47221.0
2022-05-05,292.819,296.779,279.629,289.949,37473.0
2022-05-06,283.469,286.969,277.269,278.979,24879.0
2022-05-09,282.879,283.639,272.609,278.989,19178.0
2022-05-10,275.979,280.879,267.199,276.079,35356.0
2022-05-11,275.979,283.779,273.089,279.479,43988.0
2022-05-12,276.979,280.379,273.999,278.689,35234.0
2022-05-13,282.929,288.319,275.979,278.479,29617.0
2022-05-16,280.479,280.859,269.979,271.089,31064.0
2022-05-17,273.339,279.229,269.979,275.779,25441.0
2022-05-18,275.409,275.959,270.549,274.139,24890.0
2022-05-19,271.47,280.35,271.47,278.5,22656.0
2022-05-20,281.45,286.43,277.97,281.02,29759.0
2022-05-23,283.47,283.47,274.98,276.21,24047.0
2022-05-24,275.27,275.47,264.97,266.97,35256.0
2022-05-25,266.97,273.46,263.58,268.07,27602.0
2022-05-26,268.52,268.76,256.47,259.77,44667.0
2022-05-27,264.21,276.03,262.5,271.4,51770.0
2022-05-30,271.47,274.25,264.78,270.47,30709.0
2022-05-31,270.47,279.28,265.05,278.97,41046.0
2022-06-01,276.97,282.15,276.47,280.0,30570.0
2022-06-02,277.97,279.27,271.99,274.47,27237.0
2022-06-06,274.49,280.47,269.05,279.47,37719.0
2022-06-07,280.46,291.47,279.48,289.19,42051.0
2022-06-08,290.46,294.37,283.97,289.17,39539.0
2022-06-09,286.52,289.52,278.84,281.23,33428.0
2022-06-10,279.15,284.97,276.97,283.02,44291.0
2022-06-13,278.22,280.69,271.65,273.91,47254.0
2022-06-14,273.42,276.42,268.82,274.46,25241.0
2022-06-15,275.47,281.97,274.14,276.64,37183.0
2022-06-16,276.97,285.47,276.47,280.47,34500.0
2022-06-17,277.52,286.08,273.47,284.06,53709.0
2022-06-20,284.28,295.12,283.49,289.81,50862.0
2022-06-21,287.13,296.47,285.07,291.82,35276.0
2022-06-22,293.43,294.61,288.45,288.59,27729.0
2022-06-23,290.34,292.47,282.77,287.13,41310.0
2022-06-24,289.37,298.01,285.79,295.77,47087.0
2022-06-27,298.67,304.15,294.47,296.37,42714.0
2022-06-28,296.47,296.47,289.57,293.35,35892.0
2022-06-29,290.69,294.42,288.47,288.47,36430.0
2022-06-30,289.15,292.57,282.13,289.67,48791.0
2022-07-01,289.62,294.65,283.43,288.51,39326.0
2022-07-04,288.51,315.44,288.39,311.47,100328.0
2022-07-05,317.27,322.97,304.69,311.87,77244.0
2022-07-06,316.27,318.27,298.87,300.47,67909.0
2022-07-07,300.47,301.4,287.97,292.25,63985.0
2022-07-08,293.87,296.83,288.72,293.13,37986.0
2022-07-11,295.55,298.86,290.54,296.15,64607.0
2022-07-12,297.07,298.15,288.87,288.87,40934.0
2022-07-13,288.87,293.97,286.47,292.47,38525.0
2022-07-14,294.47,302.41,291.87,300.46,47596.0
2022-07-15,297.57,304.17,292.47,293.52,32190.0
2022-07-18,293.52,294.42,282.52,286.47,55529.0
2022-07-19,289.08,289.2,271.49,277.92,90926.0
2022-07-20,279.46,282.35,275.33,278.37,45913.0
2022-07-21,278.37,287.99,275.51,282.94,59735.0
2022-07-22,283.94,288.97,278.33,279.76,37121.0
2022-07-25,279.75,282.87,276.27,279.46,27463.0
2022-07-26,282.82,285.97,280.27,283.58,32632.0
2022-07-27,284.54,286.38,277.57,278.47,40091.0
2022-07-28,278.47,280.41,269.47,269.97,75429.0
2022-07-29,270.56,271.44,264.54,265.97,46909.0
2022-08-01,266.9,271.02,261.57,268.47,32220.0
2022-08-02,266.48,270.13,262.14,264.47,37140.0
2022-08-03,266.47,268.97,263.13,266.67,30580.0
2022-08-04,267.22,271.8,265.69,269.37,27591.0
2022-08-05,270.54,276.76,269.49,275.64,40809.0
2022-08-08,274.28,280.33,273.64,278.17,25885.0
2022-08-09,276.57,278.97,273.47,276.45,17852.0
2022-08-10,275.93,277.5,270.1,272.24,22553.0
2022-08-11,273.58,280.45,272.5,278.68,27096.0
2022-08-12,278.17,284.27,276.48,282.62,26098.0
2022-08-15,282.52,284.44,274.14,275.76,30954.0
2022-08-16,276.17,281.45,273.47,274.97,24227.0
2022-08-17,275.53,278.77,272.52,276.97,19892.0
2022-08-18,275.82,276.93,270.17,271.87,26082.0
2022-08-19,269.97,270.07,264.62,265.97,35712.0
2022-08-22,270.27,281.47,268.02,275.5,63147.0
2022-08-23,277.39,277.39,267.67,271.87,47228.0
2022-08-24,269.82,272.42,268.48,270.28,18282.0
2022-08-25,270.38,271.47,264.97,268.95,32803.0
2022-08-26,271.27,274.69,269.47,271.54,25720.0
2022-08-29,266.97,271.38,264.97,266.66,27925.0
2022-08-30,266.99,268.43,262.04,265.47,21385.0
2022-08-31,265.07,275.84,263.59,274.97,44927.0
2022-09-01,270.54,276.44,269.55,271.47,29085.0
2022-09-02,272.15,277.37,270.57,272.47,22093.0
2022-09-05,277.37,279.43,268.62,272.84,39654.0
2022-09-06,271.51,272.47,267.05,268.47,23204.0
2022-09-07,266.65,270.45,265.92,266.9,21132.0
2022-09-08,268.11,268.43,265.05,265.35,17782.0
2022-09-09,268.47,278.47,266.67,275.93,62890.0
2022-09-13,276.47,287.75,275.57,278.48,41665.0
2022-09-14,274.48,282.05,273.68,280.47,33284.0
2022-09-15,280.47,283.37,276.8,278.77,28888.0
2022-09-16,278.48,279.97,273.74,274.77,33382.0
2022-09-19,274.75,276.97,267.81,268.99,27711.0
2022-09-20,268.78,270.47,259.23,260.97,44549.0
2022-09-21,260.47,260.59,236.46,240.47,101852.0
2022-09-22,237.27,241.85,234.47,237.42,51705.0
2022-09-23,236.47,238.47,231.26,232.36,47136.0
2022-09-26,231.77,241.97,229.84,239.02,41236.0
2022-09-27,241.68,259.97,236.58,258.97,78992.0
2022-09-28,258.44,270.97,256.48,262.46,75760.0
2022-09-29,268.17,277.3,265.57,272.52,77958.0
2022-09-30,276.46,278.35,269.52,275.47,57896.0
2022-10-10,277.47,288.47,274.47,275.77,77295.0
2022-10-11,279.96,281.77,273.41,278.24,51694.0
2022-10-12,274.47,280.45,271.66,276.69,41888.0
2022-10-13,276.47,282.13,271.57,275.82,40269.0
2022-10-14,283.8,325.47,283.78,316.64,199179.0
2022-10-17,316.47,323.47,303.13,306.47,120849.0
2022-10-18,306.45,311.95,301.94,307.91,69487.0
2022-10-19,304.36,308.46,302.92,304.48,56007.0
2022-10-20,306.73,315.97,301.98,307.39,62800.0
2022-10-21,302.54,309.55,301.17,308.02,39929.0
2022-10-24,303.37,306.47,292.47,301.17,62776.0
2022-10-25,302.81,304.45,284.57,290.19,85377.0
2022-10-26,292.97,307.47,289.65,302.47,83148.0
2022-10-27,304.97,308.82,299.07,303.47,46595.0
2022-10-28,300.47,310.47,298.27,298.98,37015.0
2022-10-31,294.14,308.97,293.52,301.91,58647.0
2022-11-01,304.59,308.46,290.47,302.31,71548.0
2022-11-02,296.47,307.65,294.77,302.88,78424.0
2022-11-03,302.88,305.34,294.57,299.4,39444.0
2022-11-04,299.47,309.45,293.52,295.32,102641.0
2022-11-07,293.31,298.46,289.97,293.46,58938.0
2022-11-08,294.44,295.43,287.79,291.07,36680.0
2022-11-09,289.47,290.47,281.47,282.97,46115.0
2022-11-10,280.48,284.96,276.23,278.57,37606.0
2022-11-11,287.64,288.27,276.49,278.78,87076.0
2022-11-14,284.83,297.72,284.51,295.47,92585.0
2022-11-15,294.47,296.46,284.92,293.41,52692.0
2022-11-16,292.47,301.99,288.48,295.35,42477.0
2022-11-17,292.77,296.95,287.27,290.39,35867.0
2022-11-18,306.47,319.47,295.48,302.99,96178.0
2022-11-21,297.48,302.95,292.8,301.47,45381.0
2022-11-22,302.97,304.97,296.06,298.33,47228.0
2022-11-23,299.47,299.47,289.27,293.4,34580.0
2022-11-24,293.49,300.67,292.47,298.64,31343.0
2022-11-25,298.64,306.67,292.97,305.48,43962.0
2022-11-28,300.26,305.45,295.55,302.47,31907.0
2022-11-29,305.47,309.73,294.55,301.01,62012.0
2022-11-30,299.97,303.97,295.29,301.07,40085.0
2022-12-01,309.46,313.05,302.88,312.12,66952.0
2022-12-02,308.52,314.72,304.47,304.47,40059.0
2022-12-05,307.47,311.13,301.09,302.47,53688.0
2022-12-06,303.97,307.46,298.67,301.53,38103.0
2022-12-07,298.15,300.9,288.47,289.57,76379.0
2022-12-08,292.97,293.77,285.68,290.47,43677.0
2022-12-09,290.86,291.47,279.83,287.91,86942.0
2022-12-12,288.47,294.47,288.37,291.92,46123.0
2022-12-13,293.47,293.47,286.7,288.89,32875.0
2022-12-14,291.27,291.47,284.27,285.27,37545.0
2022-12-15,283.47,286.27,281.07,284.47,22900.0
2022-12-16,284.47,287.23,280.98,287.23,27202.0
2022-12-19,287.71,289.22,283.54,284.18,28184.0
2022-12-20,284.21,286.16,279.29,279.47,33316.0
2022-12-21,281.46,284.42,279.59,283.47,23695.0
2022-12-22,285.47,288.87,281.48,284.9,30148.0
2022-12-23,284.37,294.52,282.8,292.47,32214.0
2022-12-26,295.47,296.47,290.37,290.87,21999.0
2022-12-27,292.47,294.36,286.48,289.67,30524.0
2022-12-28,290.07,295.27,288.59,293.66,43057.0
2022-12-29,291.98,295.49,290.97,294.75,28128.0
2022-12-30,295.47,296.34,290.27,292.44,32727.0
2023-01-03,292.44,293.47,285.47,287.83,44686.0
2023-01-04,287.77,297.15,286.55,294.92,42264.0
2023-01-05,297.46,299.96,291.67,296.62,51289.0
2023-01-06,297.59,300.43,292.47,294.57,43646.0
2023-01-09,294.65,297.24,292.44,295.11,35314.0
2023-01-10,296.47,306.47,293.92,304.56,46331.0
2023-01-11,304.48,305.45,299.97,301.19,25370.0
2023-01-12,304.47,304.47,296.68,298.27,27873.0
2023-01-13,299.47,307.29,296.66,307.29,39032.0
2023-01-16,309.2,324.77,308.5,318.35,63364.0
2023-01-17,317.82,320.4,314.88,315.8,26977.0
2023-01-18,316.49,318.07,312.21,313.58,19927.0
2023-01-19,316.45,320.71,312.65,317.98,35575.0
2023-01-20,319.24,321.47,316.02,317.52,30152.0
2023-01-30,329.47,329.47,314.52,315.83,50097.0
2023-01-31,317.47,317.66,307.97,309.11,33477.0
2023-02-01,310.97,311.26,303.38,307.46,27089.0
2023-02-02,309.45,309.47,301.75,305.48,39942.0
2023-02-03,304.2,304.95,298.92,301.99,31995.0
2023-02-06,293.58,296.99,290.45,292.96,47712.0
2023-02-07,296.12,296.97,291.82,293.66,24123.0
2023-02-08,295.27,301.99,293.68,296.47,36968.0
2023-02-09,296.47,304.04,295.07,303.47,32140.0
2023-02-10,303.3,304.93,298.33,300.63,20147.0
2023-02-13,298.6,300.48,295.15,297.03,40173.0
2023-02-14,302.47,303.25,297.59,303.25,26110.0
2023-02-15,303.47,305.87,299.91,301.42,21126.0
2023-02-16,302.47,303.41,298.05,299.12,22756.0
2023-02-17,297.55,301.24,295.13,295.45,23063.0
2023-02-20,294.52,303.07,292.52,302.65,33250.0
2023-02-21,301.45,302.15,295.57,298.96,25537.0
2023-02-22,298.47,300.07,291.97,293.94,34768.0
2023-02-23,291.97,295.16,291.97,292.59,20137.0
2023-02-24,291.47,293.77,290.97,291.51,16443.0
2023-02-27,290.89,291.97,285.47,288.94,25895.0
2023-02-28,289.25,296.42,289.25,290.49,28280.0
2023-03-01,291.47,293.45,287.48,292.96,23526.0
2023-03-02,289.49,293.07,287.05,287.87,19635.0
2023-03-03,290.45,292.22,286.57,289.57,16679.0
2023-03-06,289.39,290.57,286.47,289.48,20725.0
2023-03-07,288.47,289.97,283.47,284.47,26127.0
2023-03-08,282.53,286.35,281.47,282.56,20052.0
2023-03-09,282.47,285.07,279.93,280.08,22839.0
2023-03-10,280.08,288.46,279.47,286.23,31115.0
2023-03-13,286.85,289.8,284.15,285.48,28693.0
2023-03-14,285.42,289.6,284.65,285.2,15143.0
2023-03-15,290.03,290.47,284.65,284.87,18027.0
2023-03-16,283.87,293.14,283.48,290.56,29795.0
2023-03-17,291.46,293.47,273.7,275.42,74715.0
2023-03-20,275.42,279.35,270.87,271.87,36434.0
2023-03-21,274.24,283.27,273.48,281.97,34982.0
2023-03-22,284.21,286.36,279.48,285.07,24347.0
2023-03-23,283.72,289.35,283.55,288.35,18068.0
2023-03-24,287.03,290.17,280.47,280.47,24888.0
2023-03-27,280.47,285.17,277.47,281.97,26559.0
2023-03-28,282.47,284.67,278.52,284.1,22747.0
2023-03-29,286.7,287.47,282.87,284.47,20530.0
2023-03-30,285.47,292.41,283.5,289.93,31212.0
2023-03-31,291.21,291.94,287.67,288.18,22558.0
2023-04-03,288.18,288.42,278.47,279.57,38523.0
2023-04-04,279.97,281.97,276.68,280.59,29753.0
2023-04-06,280.41,281.47,277.77,279.53,20474.0
2023-04-07,276.78,287.24,276.78,285.47,26046.0
2023-04-10,285.57,291.27,284.58,288.37,27443.0
2023-04-11,291.97,291.97,286.14,286.25,24108.0
2023-04-12,286.88,288.41,284.14,284.82,24921.0
2023-04-13,283.47,292.02,280.67,289.83,44449.0
2023-04-14,291.47,292.27,288.39,288.97,24223.0
2023-04-17,288.35,291.97,284.66,289.73,32793.0
2023-04-18,289.47,293.37,288.16,290.98,24104.0
2023-04-19,290.33,294.97,289.55,294.12,33047.0
2023-04-20,295.47,295.67,284.73,285.5,31811.0
2023-04-21,285.49,286.22,275.35,277.97,46073.0
2023-04-24,280.38,280.75,275.53,277.97,34182.0
2023-04-25,277.47,280.34,275.97,279.19,28721.0
2023-04-26,276.47,281.26,275.6,276.97,32172.0
2023-04-27,276.97,286.46,273.67,285.47,37516.0
2023-04-28,288.37,288.47,283.57,288.37,46720.0
2023-05-04,290.75,291.47,285.61,291.47,38645.0
2023-05-05,291.47,292.98,288.13,290.83,27891.0
2023-05-08,291.83,292.33,274.48,277.61,63465.0
2023-05-09,276.47,284.47,275.0,280.67,43809.0
2023-05-10,282.47,285.32,275.18,283.79,33262.0
2023-05-11,281.89,284.97,279.58,280.51,21515.0
2023-05-12,281.47,287.8,279.63,283.26,25588.0
2023-05-15,283.3,286.46,281.58,286.41,22309.0
2023-05-16,288.47,289.46,284.72,287.07,24577.0
2023-05-17,287.16,289.07,285.17,286.02,17967.0
2023-05-18,286.02,287.47,282.37,283.93,21214.0
2023-05-19,283.56,290.24,282.48,287.52,24192.0
2023-05-22,289.92,291.5,287.52,289.47,19532.0
2023-05-23,291.47,291.97,287.68,287.85,19076.0
2023-05-24,289.67,291.16,285.05,288.47,25654.0
2023-05-25,288.34,291.92,286.22,291.18,26408.0
2023-05-26,291.87,301.47,290.48,293.83,33633.0
2023-05-29,294.35,295.27,287.47,292.99,38451.0
2023-05-30,295.17,295.17,285.97,288.57,25685.0
2023-05-31,288.58,288.86,279.97,281.55,37904.0
2023-06-01,281.96,283.66,278.13,280.01,23478.0
2023-06-02,281.47,284.61,280.47,282.55,24893.0
2023-06-05,283.47,286.87,281.46,282.37,18991.0
2023-06-06,283.95,284.86,280.05,280.97,30264.0
2023-06-07,282.22,284.47,275.06,275.95,34407.0
2023-06-08,277.08,278.85,271.66,274.97,28062.0
2023-06-09,276.85,284.21,274.62,282.97,42385.0
2023-06-12,281.87,282.57,278.97,280.32,19328.0
2023-06-13,279.85,284.22,279.08,283.25,20973.0
2023-06-14,283.97,285.92,280.27,280.58,20603.0
2023-06-15,282.61,284.15,279.26,283.27,29028.0
2023-06-16,283.96,287.96,282.07,287.18,25556.0
2023-06-19,286.07,288.74,281.26,284.76,20658.0
2023-06-20,284.87,285.47,282.52,284.1,13973.0
2023-06-21,282.42,284.07,279.97,280.07,22347.0
2023-06-26,278.97,280.87,276.47,279.57,22045.0
2023-06-27,281.47,282.45,277.95,278.59,20507.0
2023-06-28,279.0,282.65,276.75,280.79,19542.0
2023-06-29,281.47,282.41,278.97,279.75,21447.0
2023-06-30,279.47,283.31,276.57,280.77,25264.0
2023-07-03,279.97,281.95,277.77,281.17,18555.0
2023-07-04,279.97,281.95,277.17,278.49,25093.0
2023-07-05,278.26,278.27,275.87,277.29,21358.0
2023-07-06,276.47,278.52,275.03,275.88,23848.0
2023-07-07,274.65,275.89,271.65,272.61,27965.0
2023-07-10,274.47,278.55,273.77,274.15,17398.0
2023-07-11,276.94,278.45,274.33,275.68,14191.0
2023-07-12,275.93,279.17,275.36,278.43,20679.0
2023-07-13,279.61,281.71,277.99,281.22,26220.0
2023-07-14,281.04,282.42,279.95,282.42,17185.0
2023-07-17,282.63,282.74,278.97,280.58,8035.0
2023-07-18,282.47,282.47,277.25,278.87,23703.0
2023-07-19,276.97,280.95,276.97,278.49,18036.0
2023-07-20,280.47,282.97,279.92,281.81,19137.0
2023-07-21,280.03,282.31,279.8,280.88,16921.0
2023-07-24,278.98,282.47,277.58,278.69,21071.0
2023-07-25,280.97,281.47,277.31,281.46,33452.0
2023-07-26,279.99,284.99,279.97,284.37,21756.0
2023-07-27,284.97,285.97,281.95,285.17,21174.0
2023-07-28,284.47,290.65,283.53,289.83,32872.0
2023-07-31,295.97,296.0,275.62,276.97,109512.0
2023-08-01,280.97,283.47,274.08,276.21,86624.0
2023-08-02,276.87,278.97,275.38,277.01,34481.0
2023-08-03,276.67,276.98,274.98,275.52,40517.0
2023-08-04,275.97,276.77,264.34,267.05,114437.0
2023-08-07,262.9,263.97,248.97,249.78,176933.0
2023-08-08,245.99,255.63,245.97,251.43,107273.0
2023-08-09,254.37,254.37,249.64,252.22,87218.0
2023-08-10,251.97,252.83,248.65,251.18,59016.0
2023-08-11,250.97,252.56,247.05,247.27,46060.0
2023-08-14,244.41,253.06,244.27,250.59,56207.0
2023-08-15,249.52,251.16,247.37,248.9,46170.0
2023-08-16,248.97,256.77,247.84,252.72,65228.0
2023-08-17,251.0,255.14,250.77,254.47,46974.0
2023-08-18,253.27,256.31,250.47,252.77,42398.0
2023-08-21,251.43,255.77,246.59,251.16,48618.0
2023-08-22,253.97,254.24,248.36,250.72,43114.0
2023-08-23,249.97,252.98,247.34,247.88,37472.0
2023-08-24,246.49,256.72,246.49,255.97,57968.0
2023-08-25,255.87,263.96,254.87,258.96,84102.0
2023-08-28,275.0,275.75,257.02,263.4,78446.0
2023-08-29,263.35,263.35,250.86,252.57,130279.0
2023-08-30,253.97,254.47,247.47,249.97,80514.0
2023-08-31,248.59,252.97,248.59,250.97,49941.0
2023-09-01,251.44,251.97,246.98,250.27,36714.0
2023-09-04,252.41,252.41,248.98,249.57,45667.0
2023-09-05,249.27,249.37,246.57,248.46,46567.0
2023-09-06,247.85,248.48,244.98,245.97,49646.0
2023-09-07,245.08,245.77,237.48,238.65,82205.0
2023-09-08,238.65,241.9,237.02,240.72,31970.0
2023-09-11,238.97,250.97,238.97,250.88,108143.0
2023-09-12,249.86,250.27,247.08,248.06,33014.0
2023-09-13,248.97,249.47,244.97,247.55,31393.0
2023-09-14,248.17,250.97,246.55,250.07,44847.0
2023-09-15,250.07,258.97,247.47,258.16,99963.0
2023-09-18,257.97,261.97,256.07,258.97,53069.0
2023-09-19,257.97,260.43,255.87,259.83,33984.0
2023-09-20,257.98,259.5,254.66,257.09,33891.0
2023-09-21,254.98,256.57,253.22,254.16,31183.0
2023-09-22,255.27,255.27,251.69,254.18,36140.0
2023-09-25,255.18,258.57,253.87,257.27,38793.0
2023-09-26,255.97,256.96,252.53,253.34,29914.0
2023-09-27,254.47,255.67,250.51,251.65,49856.0
2023-09-28,252.54,252.96,250.17,250.78,31750.0
2023-10-09,249.97,254.96,248.99,253.12,35494.0
2023-10-10,255.12,257.46,252.55,252.55,31113.0
2023-10-11,254.97,255.85,251.49,252.67,40580.0
2023-10-12,255.37,255.96,252.99,254.64,25042.0
2023-10-13,253.18,253.96,250.98,252.18,23464.0
2023-10-16,253.12,253.27,248.47,248.87,29356.0
2023-10-17,260.93,260.93,244.08,247.85,37022.0
2023-10-18,245.58,247.96,243.85,245.5,31557.0
2023-10-19,243.45,244.97,240.57,241.24,32387.0
2023-10-20,240.05,242.31,237.38,238.37,24982.0
2023-10-23,238.26,242.0,236.49,240.18,22046.0
2023-10-24,240.22,242.85,238.65,240.97,27752.0
2023-10-25,243.62,243.65,237.27,238.67,30777.0
2023-10-26,239.54,242.67,234.45,237.77,34141.0
2023-10-27,236.54,246.87,236.54,246.82,58510.0
2023-10-30,248.97,265.22,248.97,264.05,97244.0
2023-10-31,263.37,268.3,262.28,266.99,52917.0
2023-11-01,265.03,266.47,262.07,263.77,35547.0
2023-11-02,264.97,265.47,262.8,264.37,30889.0
2023-11-03,264.37,266.32,262.65,263.62,31363.0
2023-11-06,265.87,266.82,262.99,266.19,39904.0
2023-11-07,266.22,266.22,262.97,263.57,24050.0
2023-11-08,263.17,269.33,262.97,267.67,35923.0
2023-11-09,265.47,266.66,263.22,264.97,24793.0
2023-11-10,263.97,267.97,263.47,266.18,20571.0
2023-11-13,266.19,267.87,261.77,263.76,37000.0
2023-11-14,264.83,270.95,264.07,267.44,32712.0
2023-11-15,270.37,272.61,265.97,271.92,34255.0
2023-11-16,271.07,272.7,268.17,269.05,19576.0
2023-11-17,267.98,269.87,265.47,266.47,20014.0
2023-11-20,266.97,268.8,265.19,268.47,17171.0
2023-11-21,269.43,271.42,265.19,268.17,24870.0
2023-11-22,268.27,270.76,266.52,268.16,20307.0
2023-11-23,268.94,270.07,263.27,267.6,19055.0
2023-11-24,268.03,268.81,265.97,268.47,19035.0
2023-11-27,270.27,271.23,264.27,266.54,23288.0
2023-11-28,267.04,270.04,265.28,269.85,22474.0
2023-11-29,271.27,275.27,269.47,271.55,28170.0
2023-11-30,273.0,277.26,270.3,276.14,40156.0
2023-12-01,277.86,279.17,271.48,275.37,35367.0
2023-12-04,278.27,282.22,275.76,278.32,45947.0
2023-12-05,279.75,279.9,273.27,274.11,35804.0
2023-12-06,274.04,274.07,266.47,267.12,44667.0
2023-12-07,267.02,268.58,264.83,268.27,37310.0
2023-12-08,268.17,282.95,267.37,281.27,88031.0
2023-12-11,279.17,285.27,276.56,283.11,43600.0
2023-12-12,282.18,285.15,280.62,283.06,24146.0
2023-12-13,286.68,286.68,282.3,283.16,27894.0
2023-12-14,285.15,286.27,279.15,280.27,24728.0
2023-12-15,283.26,284.32,273.27,278.27,38539.0
2023-12-18,279.77,279.77,274.77,276.24,25607.0
2023-12-19,275.25,276.95,271.27,274.35,23229.0
2023-12-20,275.42,279.07,274.35,275.62,18851.0
2023-12-21,277.63,278.21,273.57,275.58,20613.0
2023-12-22,276.61,279.96,272.77,274.09,21952.0
2023-12-25,272.4,276.27,269.87,272.36,18646.0
2023-12-26,272.27,273.15,267.95,268.3,15683.0
2023-12-27,268.63,271.92,267.21,271.26,19709.0
2023-12-28,272.2,277.27,268.98,275.78,29619.0
2023-12-29,275.78,279.16,273.29,275.87,22673.0
2024-01-02,275.87,279.27,273.85,278.74,30550.0
2024-01-03,276.92,279.65,275.07,275.07,21975.0
2024-01-04,274.33,276.1,268.77,271.08,29852.0
2024-01-05,272.01,274.13,267.77,268.96,32231.0
2024-01-08,268.93,271.14,264.37,264.37,26376.0
2024-01-09,265.39,270.27,264.31,267.03,29339.0
2024-01-10,265.07,267.66,261.59,262.84,27965.0
2024-01-11,263.07,267.47,260.34,265.47,29973.0
2024-01-12,265.27,267.07,262.27,262.27,22129.0
2024-01-15,260.4,264.87,258.82,263.77,22922.0
2024-01-16,261.78,262.84,256.97,260.58,32392.0
2024-01-17,259.77,260.63,254.39,254.77,35537.0
2024-01-18,254.27,258.77,249.94,258.25,40446.0
2024-01-19,255.86,264.23,255.43,261.88,38583.0
2024-01-22,263.0,265.93,259.09,260.13,46755.0
2024-01-23,258.17,263.47,256.77,260.77,34511.0
2024-01-24,263.48,269.63,260.42,268.27,35999.0
2024-01-25,265.56,269.67,264.72,269.12,29494.0
2024-01-26,266.37,270.65,265.96,269.59,31603.0
2024-01-29,271.25,272.27,253.16,254.27,52232.0
2024-01-30,254.37,257.85,251.28,253.04,28101.0
2024-01-31,252.27,256.27,248.78,253.6,34172.0
2024-02-01,254.26,259.67,250.41,258.46,32080.0
2024-02-02,256.46,259.27,251.27,252.7,36883.0
2024-02-05,250.27,275.07,249.4,269.61,79063.0
2024-02-06,267.63,281.89,266.78,277.77,75488.0
2024-02-07,277.73,287.37,273.84,286.27,80591.0
2024-02-08,286.65,292.37,279.77,282.65,62741.0
2024-02-19,286.77,287.27,281.47,283.75,44607.0
2024-02-20,283.85,287.24,281.27,285.36,40206.0
2024-02-21,283.26,290.27,282.47,286.62,34844.0
2024-02-22,286.87,286.87,279.87,280.3,39364.0
2024-02-23,279.77,280.25,274.27,275.48,42519.0
2024-02-26,277.26,277.26,273.4,275.39,33185.0
2024-02-27,274.28,277.37,272.65,277.27,30177.0
2024-02-28,277.27,277.87,273.27,273.27,37765.0
2024-02-29,271.32,277.66,271.32,274.45,46733.0
2024-03-01,276.96,276.96,272.46,275.44,35008.0
2024-03-04,274.26,278.23,273.65,276.48,33737.0
2024-03-05,274.35,284.87,274.27,283.19,61316.0
2024-03-06,283.93,287.23,281.38,283.37,35332.0
2024-03-07,283.37,284.9,280.12,281.3,28757.0
2024-03-08,281.53,283.87,275.87,277.55,29958.0
2024-03-11,279.26,291.27,276.77,289.86,56447.0
2024-03-12,290.01,291.87,286.87,290.69,37158.0
2024-03-13,288.27,289.27,282.87,284.07,31190.0
2024-03-14,290.27,292.25,282.27,282.93,52283.0
2024-03-15,281.87,283.48,275.78,279.74,35306.0
2024-03-18,277.27,279.37,274.4,278.34,27599.0
2024-03-19,277.29,281.1,276.33,278.04,22583.0
2024-03-20,276.6,279.25,275.55,277.27,19715.0
2024-03-21,279.17,279.26,275.27,275.27,19211.0
2024-03-22,275.3,275.95,271.32,274.56,28741.0
2024-03-25,275.62,277.27,273.07,273.15,26960.0
2024-03-26,275.15,275.15,270.5,271.45,27721.0
2024-03-27,271.45,272.16,267.83,268.63,29491.0
2024-03-28,267.32,268.17,262.66,265.16,45463.0
2024-03-29,265.26,268.02,264.27,266.73,20211.0
2024-04-01,266.73,272.0,266.27,268.02,25892.0
2024-04-02,268.15,268.2,264.77,266.74,27123.0
2024-04-03,265.47,268.45,265.35,266.59,28443.0
2024-04-08,267.16,267.27,261.27,261.52,29036.0
2024-04-09,263.12,264.77,260.93,264.57,26880.0
2024-04-10,263.33,264.15,259.27,259.87,24838.0
2024-04-11,256.27,259.77,255.29,257.08,27705.0
2024-04-12,255.35,259.89,255.35,255.91,24884.0
2024-04-15,255.85,264.63,255.85,262.77,41624.0
2024-04-16,248.9,255.27,242.27,253.07,92941.0
2024-04-17,251.03,264.07,250.55,257.83,46921.0
2024-04-18,258.77,265.27,257.27,257.47,41119.0
2024-04-19,256.16,260.07,253.77,256.66,32672.0
2024-04-22,258.77,266.48,256.78,263.8,45844.0
2024-04-23,265.15,271.27,263.43,269.77,44628.0
2024-04-24,270.27,272.78,268.06,271.12,26534.0
2024-04-25,270.31,272.76,268.77,270.37,23511.0
2024-04-26,268.57,275.37,268.57,274.07,30281.0
2024-04-29,280.25,292.54,276.77,287.38,86116.0
2024-04-30,285.88,292.61,285.62,289.86,48568.0
2024-05-06,291.27,300.27,290.29,298.43,64352.0
2024-05-07,300.37,301.37,295.37,296.87,34831.0
2024-05-08,295.27,295.27,288.38,290.06,46639.0
2024-05-09,288.01,290.67,285.9,288.9,37854.0
2024-05-10,289.07,293.37,288.37,289.99,27359.0
2024-05-13,288.37,294.37,285.43,292.2,35462.0
2024-05-14,290.3,296.12,290.3,295.47,35594.0
2024-05-15,294.76,298.87,293.39,296.32,26012.0
2024-05-16,296.39,299.37,293.47,298.03,32443.0
2024-05-17,297.79,299.76,291.47,294.27,37551.0
2024-05-20,294.47,296.74,290.28,292.77,38593.0
2024-05-21,292.76,293.77,289.0,290.75,27439.0
2024-05-22,289.94,291.37,286.87,290.27,30705.0
2024-05-23,289.85,295.8,289.85,295.27,39906.0
2024-05-24,294.27,294.77,287.37,287.37,29107.0
2024-05-27,287.37,289.77,284.9,286.46,27864.0
2024-05-28,287.22,287.58,282.89,285.16,28852.0
2024-05-29,283.99,289.17,283.99,286.11,23493.0
2024-05-30,285.77,287.77,283.37,285.2,17456.0
2024-05-31,287.37,288.1,276.91,276.91,35000.0
2024-06-03,280.62,286.57,279.81,283.37,35447.0
2024-06-04,281.47,287.37,281.27,285.27,22317.0
2024-06-05,285.52,293.37,285.52,291.04,35969.0
2024-06-06,293.37,293.37,285.87,291.45,33820.0
2024-06-07,291.45,292.65,285.97,286.54,38632.0
2024-06-11,286.54,290.37,285.4,289.24,28577.0
2024-06-12,289.18,289.32,282.95,282.98,34583.0
2024-06-13,286.35,286.35,281.44,282.93,38937.0
2024-06-14,283.38,285.87,275.48,285.87,79760.0
2024-06-17,281.97,284.74,280.55,282.75,28822.0
2024-06-18,281.8,282.77,278.17,279.69,21461.0
2024-06-19,280.27,281.27,277.97,280.09,20655.0
2024-06-20,278.97,282.87,278.77,281.59,24394.0
2024-06-21,280.88,282.91,275.15,277.75,36614.0
2024-06-24,276.77,284.37,275.45,282.11,37359.0
2024-06-25,280.67,282.11,272.44,279.97,40053.0
2024-06-26,278.65,282.37,278.57,281.77,24606.0
2024-06-27,279.15,282.13,277.78,281.27,26295.0
2024-06-28,278.37,281.97,276.87,277.68,31086.0
2024-07-01,277.92,279.09,268.87,271.8,24030.0
2024-07-02,271.37,275.52,269.87,271.97,27814.0
2024-07-03,270.2,271.98,265.65,267.37,21559.0
2024-07-04,268.77,271.87,267.82,270.77,21101.0
2024-07-05,269.89,273.26,267.6,272.7,26380.0
2024-07-08,272.75,274.21,266.06,267.07,24393.0
2024-07-09,267.07,269.26,262.97,267.88,27912.0
2024-07-10,267.57,270.3,264.37,265.67,21879.0
2024-07-11,266.68,269.27,261.57,268.88,31790.0
2024-07-12,270.81,271.05,260.77,267.77,34304.0
2024-07-15,266.27,268.77,263.37,264.27,22180.0
2024-07-16,262.99,264.54,258.45,258.57,40339.0
2024-07-17,258.27,268.77,256.07,267.77,46757.0
2024-07-18,267.67,274.43,266.52,272.81,39999.0
2024-07-19,271.77,273.24,269.37,272.02,32352.0
2024-07-22,271.92,274.25,269.13,270.92,27411.0
2024-07-23,270.65,271.47,263.27,263.37,34218.0
2024-07-24,261.97,263.04,256.27,257.65,37900.0
2024-07-25,256.97,257.77,253.16,256.57,32541.0
2024-07-26,257.75,257.78,252.95,254.72,32915.0
2024-07-29,254.72,255.14,243.3,243.97,56483.0
2024-07-30,243.28,244.14,230.0,234.91,91041.0
2024-07-31,233.77,247.76,233.77,243.88,80615.0
2024-08-01,245.44,245.44,240.27,242.0,45839.0
2024-08-02,241.77,251.72,241.26,247.12,40445.0
2024-08-05,246.77,252.62,245.78,247.37,47422.0
2024-08-06,247.67,253.13,247.05,248.06,30952.0
2024-08-07,248.08,251.37,244.3,249.87,33002.0
2024-08-08,249.72,252.77,246.85,250.77,23818.0
2024-08-09,251.58,254.76,246.19,246.55,28195.0
2024-08-12,245.77,250.27,244.3,248.77,23196.0
2024-08-13,247.65,248.65,238.27,242.95,40413.0
2024-08-14,242.07,242.65,236.9,238.81,30051.0
2024-08-15,238.16,242.47,237.78,239.73,26553.0
2024-08-16,238.78,241.33,236.57,240.74,32235.0
2024-08-19,240.57,246.65,239.77,242.37,25533.0
2024-08-20,241.77,243.77,236.98,237.77,29038.0
2024-08-21,237.77,239.29,235.45,236.49,30492.0
2024-08-22,236.27,237.71,234.37,235.77,31605.0
2024-08-23,233.79,235.67,230.77,232.44,45907.0
2024-08-26,232.31,232.4,218.28,220.73,74267.0
2024-08-27,219.78,223.27,218.84,222.43,30817.0
2024-08-28,222.27,223.32,211.89,213.29,70729.0
2024-08-29,213.67,217.07,211.48,214.97,54040.0
2024-08-30,226.77,241.72,225.31,237.57,117717.0
2024-09-02,236.28,236.77,229.78,233.25,57584.0
2024-09-03,230.98,238.19,229.78,234.26,39965.0
2024-09-04,234.61,239.72,232.59,234.59,37170.0
2024-09-05,235.15,239.06,233.01,236.65,38459.0
2024-09-06,235.9,237.77,228.48,228.87,31909.0
2024-09-09,228.33,234.09,228.21,231.34,46460.0
2024-09-10,230.82,236.33,229.98,231.83,40036.0
2024-09-11,230.82,233.33,228.54,230.86,26645.0
2024-09-12,230.86,231.83,222.44,222.96,51291.0
2024-09-13,223.84,225.32,221.83,222.5,31108.0
2024-09-18,222.62,225.06,218.88,218.9,31860.0
2024-09-19,221.83,222.33,215.21,221.46,67422.0
2024-09-20,223.43,223.43,216.21,218.71,60007.0
2024-09-23,218.79,220.27,212.49,213.17,51307.0
2024-09-24,217.61,231.33,216.47,223.86,133294.0
2024-09-25,228.83,232.73,225.03,226.68,142040.0
2024-09-26,225.93,229.83,212.84,229.19,164798.0
2024-09-27,236.83,263.21,236.83,255.86,225779.0
2024-09-30,271.83,291.71,259.97,283.83,234797.0
2024-10-08,342.43,342.43,299.33,315.33,299445.0
2024-10-09,310.83,319.82,287.51,287.51,184483.0
2024-10-10,292.54,302.54,284.84,288.85,141131.0
2024-10-11,287.83,287.83,271.83,275.27,90607.0
2024-10-14,280.09,281.24,268.6,275.73,101724.0
2024-10-15,275.72,275.72,261.35,261.73,95715.0
2024-10-16,257.1,260.69,251.84,252.83,85448.0
2024-10-17,254.83,255.33,247.83,247.83,83732.0
2024-10-18,246.83,270.83,240.84,260.03,173220.0
2024-10-21,256.83,265.3,253.33,258.93,115443.0
2024-10-22,257.83,265.14,257.13,262.78,83018.0
2024-10-23,262.93,267.33,258.98,263.98,76847.0
2024-10-24,261.83,269.13,261.68,265.33,74600.0
2024-10-25,264.83,275.33,261.83,270.74,91218.0
2024-10-28,269.77,270.71,263.62,269.1,80332.0
2024-10-29,268.28,270.78,260.8,262.07,83835.0
2024-10-30,251.01,268.3,250.93,261.33,114097.0
2024-10-31,260.82,261.47,256.04,257.43,77751.0
2024-11-01,260.11,260.79,256.59,257.08,50462.0
2024-11-04,256.84,263.64,256.84,261.91,50771.0
2024-11-05,260.63,271.83,258.5,269.74,96917.0
2024-11-06,269.75,272.83,264.14,265.43,79353.0
2024-11-07,264.48,273.98,262.98,273.67,84990.0
2024-11-08,278.03,284.48,275.68,276.69,92335.0
2024-11-11,273.14,278.33,271.15,274.97,81859.0
2024-11-12,273.7,288.48,272.18,279.6,116872.0
2024-11-13,277.71,287.33,277.6,279.17,88514.0
2024-11-14,276.82,278.33,268.92,269.08,64775.0
2024-11-15,268.83,270.93,263.15,263.16,60786.0
2024-11-18,263.28,265.96,258.01,260.11,75145.0
2024-11-19,259.99,262.68,256.87,262.35,53780.0
2024-11-20,261.48,271.28,259.08,267.48,65720.0
2024-11-21,266.51,268.09,263.05,264.49,31823.0
2024-11-22,264.12,264.68,255.79,255.79,52041.0
2024-11-25,258.41,259.88,253.84,253.84,52535.0
2024-11-26,253.84,262.36,253.84,259.06,52288.0
2024-11-27,256.39,262.48,255.08,261.54,44596.0
2024-11-28,259.58,260.6,250.78,252.49,80356.0
2024-11-29,252.48,257.25,251.49,252.97,61540.0
2024-12-02,254.75,259.88,253.48,255.69,61491.0
2024-12-03,255.7,257.39,252.03,253.19,52054.0
2024-12-04,252.77,253.08,249.77,252.04,36296.0
2024-12-05,250.17,252.08,245.54,247.48,51075.0
2024-12-06,248.56,256.44,248.56,255.29,69872.0
2024-12-09,255.29,256.0,250.66,252.33,44534.0
2024-12-10,262.48,263.19,254.58,255.46,88252.0
2024-12-11,254.84,255.47,250.56,254.78,54354.0
2024-12-12,253.0,262.48,252.87,261.76,78200.0
2024-12-13,260.48,262.46,251.65,251.65,80590.0
2024-12-16,252.68,253.48,244.67,246.18,72488.0
2024-12-17,246.14,247.77,245.08,245.48,43273.0
2024-12-18,246.29,246.73,244.59,244.6,38113.0
2024-12-19,243.98,246.73,241.98,244.98,43628.0
2024-12-20,244.85,247.33,242.74,242.74,39479.0
2024-12-23,243.48,248.48,243.14,246.29,38665.0
2024-12-24,245.66,248.98,245.58,247.45,32451.0
2024-12-25,249.39,252.25,247.48,249.03,44784.0
2024-12-26,248.17,248.98,246.2,246.75,26921.0
2024-12-27,246.03,252.68,244.64,250.71,51516.0
2024-12-30,248.99,256.48,248.99,251.27,41951.0
2024-12-31,249.98,253.01,247.48,247.48,51217.0
2025-01-02,247.89,249.04,238.74,240.33,62093.0
2025-01-03,240.34,241.61,235.55,236.14,47434.0
2025-01-06,238.48,242.32,237.08,237.98,38840.0
2025-01-07,238.81,239.21,231.99,233.78,48854.0
2025-01-08,233.67,234.3,229.68,231.76,53434.0
2025-01-09,230.8,232.78,228.64,228.76,45448.0
2025-01-10,228.79,229.58,223.48,223.48,61349.0
2025-01-13,222.48,224.78,222.45,223.93,35139.0
2025-01-14,223.43,229.69,222.66,228.48,57126.0
2025-01-15,227.48,228.54,225.14,227.48,38477.0
2025-01-16,228.66,231.26,226.72,227.02,32032.0
2025-01-17,226.6,228.96,225.33,226.33,40073.0
2025-01-20,227.26,229.81,226.48,228.88,45793.0
2025-01-21,229.48,230.05,225.1,227.86,31864.0
2025-01-22,227.25,227.42,221.08,221.85,53852.0
2025-01-23,223.94,228.43,223.48,225.81,53255.0
2025-01-24,224.8,229.96,224.1,226.52,44736.0
2025-01-27,227.51,228.28,224.84,224.88,34793.0
2025-02-05,226.61,231.68,224.88,229.28,61182.0
2025-02-06,229.99,236.26,227.76,232.48,69833.0
2025-02-07,234.56,244.98,232.79,243.67,108576.0
2025-02-10,243.79,249.23,241.51,246.53,73446.0
2025-02-11,247.13,250.33,244.7,245.15,59784.0
2025-02-12,242.98,246.13,242.58,244.81,38967.0
2025-02-13,244.88,245.46,241.14,243.48,35529.0
2025-02-14,242.98,255.44,242.66,254.28,85728.0
2025-02-17,259.28,259.58,250.85,251.32,75337.0
2025-02-18,251.06,254.28,247.53,248.88,54316.0
2025-02-19,248.28,249.68,245.98,248.48,45998.0
2025-02-20,248.26,253.28,247.69,249.14,45158.0
2025-02-21,249.14,256.28,247.84,250.3,68087.0
2025-02-24,252.48,255.32,247.09,252.85,64202.0
2025-02-25,249.48,253.24,246.98,246.98,51005.0
2025-02-26,246.61,248.41,245.26,247.76,37778.0
2025-02-27,246.48,249.6,244.56,248.27,45083.0
2025-02-28,247.46,254.28,244.88,245.39,61872.0
2025-03-03,244.09,245.08,240.62,242.39,71730.0
2025-03-04,241.28,241.28,233.83,238.48,61559.0
2025-03-05,238.48,239.33,235.33,235.73,40951.0
2025-03-06,237.38,241.12,235.98,239.82,57015.0
2025-03-07,240.68,240.82,236.13,236.56,49651.0
2025-03-10,237.98,240.26,236.1,238.28,54283.0
2025-03-11,236.48,238.01,235.83,237.58,51328.0
2025-03-12,238.86,238.94,236.13,236.69,41980.0
2025-03-13,237.68,238.78,236.2,237.03,44479.0
2025-03-14,237.47,244.73,235.99,242.9,89596.0
2025-03-17,244.48,245.83,241.58,242.63,52793.0
2025-03-18,244.09,248.08,241.33,243.0,55202.0
2025-03-19,242.51,244.31,240.48,241.6,36760.0
2025-03-20,241.48,242.02,236.36,236.46,44040.0
2025-03-21,236.1,238.36,232.73,232.98,49600.0
2025-03-24,232.13,233.92,230.74,231.98,41043.0
2025-03-25,232.49,233.79,230.77,232.81,30066.0
2025-03-26,232.94,233.73,230.88,232.58,28537.0
2025-03-27,231.78,235.12,231.22,234.86,33803.0
2025-03-28,234.26,235.08,230.56,230.56,43009.0
2025-03-31,230.56,232.26,226.48,226.48,61867.0
2025-04-01,227.47,232.28,224.73,229.14,82067.0
2025-04-02,229.08,230.84,221.73,222.34,92888.0
2025-04-03,220.48,222.97,217.59,217.75,107044.0
2025-04-07,209.54,214.48,199.28,204.07,174623.0
2025-04-08,206.3,207.28,201.65,206.59,111790.0
2025-04-09,204.01,207.46,202.08,206.24,91858.0
2025-04-10,209.28,211.78,207.08,208.33,86852.0
2025-04-11,207.52,209.15,204.99,207.38,61344.0
2025-04-14,209.23,210.98,206.96,207.19,64872.0
2025-04-15,207.21,207.7,205.21,206.63,39350.0
2025-04-16,205.62,206.58,203.16,205.74,50887.0
2025-04-17,205.18,215.36,204.67,214.14,84536.0
2025-04-18,213.75,213.75,207.53,209.56,48571.0
2025-04-21,207.53,209.27,207.53,208.5,28213.0
2025-04-22,208.53,213.62,207.79,212.08,78399.0
2025-04-23,212.5,213.08,209.08,209.7,48759.0
2025-04-24,209.48,211.44,206.44,207.19,48455.0
2025-04-25,207.25,211.79,207.25,209.49,46363.0
2025-04-28,209.28,209.48,206.75,207.28,44018.0
2025-04-29,203.18,211.29,202.47,208.33,90085.0
2025-04-30,207.98,214.12,206.66,212.14,82644.0
2025-05-06,215.07,215.07,209.51,212.72,63032.0
2025-05-07,215.05,215.66,212.31,214.89,66564.0
2025-05-08,213.71,219.0,213.7,218.33,68716.0
2025-05-09,218.17,218.55,215.86,216.48,49109.0
2025-05-12,218.96,222.16,217.68,221.63,77825.0
2025-05-13,222.48,226.15,221.98,225.46,80930.0
2025-05-14,224.55,225.97,222.78,224.38,51066.0
2025-05-15,223.63,225.68,220.72,221.06,43483.0
2025-05-16,220.43,221.82,218.18,218.83,41909.0
2025-05-19,219.97,220.48,217.85,218.49,27047.0
2025-05-20,218.48,220.35,215.32,216.2,51596.0
2025-05-21,216.18,220.86,215.15,219.15,57819.0
2025-05-22,219.86,222.98,217.9,218.08,36548.0
2025-05-23,217.85,227.44,217.85,224.38,92373.0
2025-05-26,223.25,226.92,220.68,220.79,43146.0
2025-05-27,220.77,222.02,218.66,219.76,29201.0
2025-05-28,219.93,224.81,218.96,222.99,36593.0
2025-05-29,222.67,224.22,220.86,222.16,48657.0
2025-05-30,222.05,223.91,220.32,220.32,43970.0
2025-06-03,218.45,227.43,218.25,227.14,69994.0
2025-06-04,226.45,226.45,223.0,223.3,47693.0
2025-06-05,224.45,230.2,222.75,229.75,54737.0
2025-06-06,230.35,230.35,226.07,226.95,40387.0
2025-06-09,227.42,232.45,226.65,230.2,51060.0
2025-06-10,230.2,235.3,228.45,230.2,53814.0
2025-06-11,231.24,234.63,230.5,231.77,46491.0
2025-06-12,231.46,233.21,228.31,231.05,41309.0
2025-06-13,231.05,236.97,229.55,231.73,81082.0
2025-06-16,232.23,234.41,229.01,231.06,37869.0
2025-06-17,230.75,231.58,226.05,226.46,45944.0
2025-06-18,225.86,227.05,223.75,223.75,26630.0
2025-06-19,223.51,224.41,219.75,220.4,33553.0
2025-06-20,220.45,222.28,219.47,221.71,30498.0
2025-06-23,221.71,223.71,219.34,220.28,32821.0
2025-06-24,220.49,222.45,219.22,219.29,51914.0
2025-06-25,219.9,224.03,218.46,223.5,43053.0
2025-06-26,223.3,226.35,221.95,221.95,39150.0
2025-06-27,222.42,223.95,220.48,221.09,39135.0
2025-06-30,218.55,220.65,217.45,219.2,55764.0
2025-07-01,219.22,222.22,218.81,220.95,37356.0
2025-07-02,221.41,222.38,218.95,219.44,29548.0
2025-07-03,219.66,220.44,214.33,214.65,76371.0
2025-07-04,215.36,218.64,214.45,218.25,60761.0
2025-07-07,218.95,220.61,210.48,210.86,92385.0
2025-07-08,210.86,212.74,208.56,211.78,53592.0
2025-07-09,211.78,211.79,208.75,208.93,80217.0
2025-07-10,208.94,213.81,208.58,213.1,67384.0
2025-07-11,214.21,217.43,212.65,215.53,62329.0
2025-07-14,215.53,216.2,211.32,211.45,54553.0
2025-07-15,211.08,212.44,209.31,209.51,50040.0
2025-07-16,209.31,210.74,208.45,209.1,52239.0
2025-07-17,209.04,211.64,208.51,211.63,59230.0
2025-07-18,211.73,219.97,211.72,219.77,113354.0
2025-07-21,219.95,221.43,218.54,220.24,57397.0
2025-07-22,219.95,220.64,216.48,220.45,62218.0
2025-07-23,220.49,226.87,220.49,222.95,89104.0
2025-07-24,223.19,230.73,220.45,226.52,111184.0
2025-07-25,226.41,230.38,224.63,226.29,71920.0
2025-07-28,226.95,229.11,225.13,227.63,54994.0
2025-07-29,227.3,228.85,222.46,226.27,79262.0
2025-07-30,226.25,236.45,223.15,232.41,135509.0
2025-07-31,232.41,232.45,224.44,225.65,84323.0
2025-08-01,225.45,227.89,220.45,221.68,71684.0
2025-08-04,221.44,222.45,219.11,221.75,59351.0
2025-08-05,221.76,223.01,220.59,222.48,36610.0
2025-08-06,223.05,224.43,221.13,222.76,40521.0
2025-08-07,222.45,229.75,221.79,225.24,72880.0
2025-08-08,226.06,230.42,223.63,225.16,64369.0
2025-08-11,225.45,226.31,221.46,224.95,62597.0
2025-08-12,224.95,233.13,224.55,228.75,108728.0
2025-08-13,228.95,231.15,226.98,230.94,73986.0
2025-08-14,232.5,234.95,226.98,227.89,76275.0
2025-08-15,227.85,231.92,226.61,229.68,74718.0
2025-08-18,229.69,232.45,228.81,231.1,81678.0
2025-08-19,231.1,232.94,228.59,228.63,69016.0
2025-08-20,228.15,231.44,226.25,231.01,62523.0
2025-08-21,231.43,243.28,231.33,240.16,166478.0
2025-08-22,239.94,241.45,236.65,238.7,91478.0
2025-08-25,240.91,241.63,237.72,239.95,95134.0
2025-08-26,238.56,244.71,238.45,241.22,100124.0
2025-08-27,240.05,251.45,240.01,241.76,163506.0
2025-08-28,237.45,245.45,234.96,241.53,174053.0
2025-08-29,238.79,241.11,236.05,237.24,118385.0
2025-09-01,238.87,242.8,236.97,240.93,109968.0
2025-09-02,240.71,245.2,235.23,236.61,105059.0
2025-09-03,236.41,238.61,232.46,233.26,88111.0
2025-09-04,233.42,235.26,225.76,227.95,98148.0
2025-09-05,229.16,234.37,227.22,233.72,74978.0
2025-09-08,231.76,248.71,231.76,243.8,161965.0
2025-09-09,242.09,243.8,235.81,236.76,114743.0
2025-09-10,236.72,237.69,233.41,234.47,64823.0
2025-09-11,233.46,239.71,232.17,239.5,76107.0
2025-09-12,239.46,243.01,236.54,236.75,68985.0
2025-09-15,237.26,238.29,234.76,235.36,68048.0
2025-09-16,235.46,237.99,234.26,235.36,57731.0
2025-09-17,235.36,238.24,233.83,235.15,60529.0
2025-09-18,235.74,238.75,232.27,233.56,99120.0
2025-09-19,234.26,236.54,230.76,230.76,75771.0
2025-09-22,231.84,236.01,231.36,232.91,75818.0
2025-09-23,232.04,232.49,225.76,229.26,90111.0
2025-09-24,228.36,231.63,228.36,229.65,55407.0
2025-09-25,229.44,242.21,228.48,240.76,162158.0
2025-09-26,240.12,240.12,234.06,234.31,79436.0
2025-09-29,234.31,236.14,230.09,234.76,82397.0
2025-09-30,234.55,242.41,233.56,241.45,102794.0
2025-10-09,239.76,244.74,235.77,244.0,109826.0
2025-10-10,242.06,242.76,237.48,237.76,77968.0
2025-10-13,233.76,235.75,228.81,230.96,108613.0
2025-10-14,233.46,235.55,225.99,226.44,104262.0
2025-10-15,227.76,229.19,225.46,226.26,82784.0
2025-10-16,226.27,229.71,224.86,226.69,60727.0
2025-10-17,225.79,227.25,221.04,221.26,74637.0
2025-10-20,222.78,223.57,218.49,219.23,62569.0
2025-10-21,219.23,222.71,219.0,219.33,65199.0
2025-10-22,218.43,219.26,215.87,215.96,60060.0
2025-10-23,216.07,217.94,214.78,217.56,50167.0
2025-10-24,217.61,218.74,216.61,217.31,43888.0
2025-10-27,218.74,220.46,217.67,219.06,65892.0
2025-10-28,219.27,222.12,218.23,220.85,59365.0
2025-10-29,220.25,220.45,214.04,218.59,91691.0
2025-10-30,215.76,220.26,211.76,212.45,120015.0
2025-10-31,211.26,212.65,207.89,210.8,108869.0
2025-11-03,210.79,212.14,207.26,207.77,93440.0
2025-11-04,207.26,208.64,200.81,202.76,126053.0
2025-11-05,200.87,204.73,200.31,202.03,74890.0
2025-11-06,202.46,203.65,201.49,202.11,60461.0
2025-11-07,201.99,203.03,200.31,201.55,59247.0
2025-11-10,201.26,205.41,200.81,205.11,81960.0
2025-11-11,204.56,205.36,202.76,204.46,60990.0
2025-11-12,204.9,207.99,204.9,205.31,74926.0
2025-11-13,205.69,206.3,204.32,205.32,57090.0
2025-11-14,204.61,206.78,204.31,204.81,51737.0
2025-11-17,204.11,204.67,202.91,203.15,45309.0
2025-11-18,203.11,203.96,202.67,203.82,39738.0
2025-11-19,203.83,204.36,201.92,201.92,50729.0
2025-11-20,201.91,202.49,195.12,195.96,106077.0
2025-11-21,195.1,196.68,190.79,192.22,97876.0
2025-11-24,192.22,194.11,189.36,190.11,65135.0
2025-11-25,190.86,192.33,189.86,190.99,59671.0
2025-11-26,191.07,192.01,189.79,190.51,60769.0
2025-11-27,190.5,194.86,188.89,193.41,71970.0
2025-11-28,196.11,201.61,195.82,201.12,117761.0
2025-12-01,201.11,201.11,197.61,198.73,58860.0
2025-12-02,198.11,199.35,197.31,197.73,42518.0
2025-12-03,197.73,198.18,195.42,196.61,44690.0
2025-12-04,197.11,199.1,196.79,197.11,36312.0
2025-12-05,197.16,199.99,196.41,199.5,44733.0
2025-12-08,199.5,201.86,197.13,197.16,61072.0
2025-12-09,197.11,200.6,195.14,195.82,57404.0
2025-12-10,194.86,195.56,192.96,195.11,51345.0
2025-12-11,195.11,195.8,192.88,192.88,56728.0
2025-12-12,192.86,197.86,191.62,196.93,112033.0
2025-12-15,196.75,197.11,194.12,194.12,49455.0
2025-12-16,194.14,196.09,191.92,191.92,51519.0
2025-12-17,191.91,194.95,190.58,193.47,57775.0
2025-12-18,193.11,197.02,192.86,194.88,48335.0
2025-12-19,194.81,197.41,194.62,195.3,47550.0
2025-12-22,195.45,198.04,194.86,196.81,50421.0
2025-12-23,197.11,197.56,195.11,195.18,42562.0
2025-12-24,194.86,195.84,194.42,195.24,34518.0
2025-12-25,195.11,199.21,194.17,198.54,57631.0
2025-12-26,198.36,198.99,196.72,197.1,41234.0
2025-12-29,197.13,198.61,195.91,196.11,51737.0
2025-12-30,196.14,196.61,192.09,192.7,82724.0
2025-12-31,192.31,192.49,187.48,187.56,113748.0
2026-01-05,187.57,196.97,187.57,196.71,169748.0
2026-01-06,197.61,202.81,197.22,201.05,134773.0
2026-01-07,200.98,201.25,197.15,197.98,97680.0
2026-01-08,198.36,200.41,196.41,198.82,83669.0
2026-01-09,199.11,202.31,198.96,200.79,89798.0
2026-01-12,201.86,206.42,201.61,205.14,129125.0
2026-01-13,206.31,210.19,204.61,205.33,156085.0
2026-01-14,205.11,211.23,203.23,204.87,155121.0
2026-01-15,203.86,204.61,200.61,201.19,99754.0
2026-01-16,201.62,203.82,198.14,198.3,96088.0
2026-01-19,198.3,199.99,196.99,197.3,71560.0
2026-01-20,198.02,198.29,193.71,194.11,81094.0
2026-01-21,194.01,195.29,192.17,192.41,75113.0
2026-01-22,192.96,193.2,190.46,190.61,72342.0
2026-01-23,191.86,194.11,191.41,192.62,83473.0
2026-01-26,192.99,193.83,190.24,192.21,99070.0
2026-01-27,192.36,193.61,189.11,189.27,95524.0
2026-01-28,189.21,189.26,185.11,185.17,143051.0
2026-01-29,185.18,191.61,183.86,190.49,116545.0
2026-01-30,190.44,190.44,186.37,186.37,75037.0
2026-02-02,186.61,188.06,184.22,184.22,66634.0
2026-02-03,184.9,185.99,184.14,185.26,57471.0
2026-02-04,185.09,190.33,184.48,189.77,84306.0
2026-02-05,189.07,190.61,188.36,189.21,56820.0
2026-02-06,189.0,189.43,185.77,186.6,70937.0
2026-02-09,186.79,187.05,185.92,186.28,50721.0
2026-02-10,186.27,188.11,185.79,187.47,51748.0
2026-02-11,187.11,187.49,186.23,186.32,35632.0
2026-02-12,186.32,186.88,185.11,185.11,46482.0
2026-02-13,185.07,185.07,182.78,182.88,64606.0
2026-02-24,184.93,185.06,182.9,183.31,42495.0
2026-02-25,183.31,185.05,182.26,184.07,50336.0
2026-02-26,184.71,187.1,183.61,184.39,57760.0
2026-02-27,184.01,184.01,182.89,183.03,53193.0
2026-03-02,182.02,183.12,178.86,180.81,86210.0
2026-03-03,180.36,180.96,177.41,177.51,85672.0
2026-03-04,176.86,176.89,172.86,172.86,88354.0
2026-03-05,175.11,175.41,173.01,173.31,50981.0
2026-03-06,172.91,179.36,172.61,178.48,76385.0
2026-03-09,176.61,179.09,174.94,175.89,58668.0
2026-03-10,177.1,177.87,176.38,177.45,39388.0
2026-03-11,177.61,178.96,176.43,177.68,51409.0
2026-03-12,177.41,177.83,175.12,175.29,49683.0
2026-03-13,175.62,176.32,174.43,175.68,39191.0
2026-03-16,176.11,176.24,173.77,174.36,51759.0
2026-03-17,174.61,177.66,174.29,175.21,71737.0
2026-03-18,174.91,175.5,171.35,172.03,81501.0
2026-03-19,170.29,171.06,168.8,168.97,67673.0
2026-03-20,168.97,170.34,166.63,166.63,66369.0
2026-03-23,164.12,165.86,162.28,162.72,87858.0
2026-03-24,165.07,165.36,162.36,163.48,56092.0
2026-03-25,165.11,165.6,163.89,164.58,52102.0
2026-03-26,164.1,165.36,161.36,161.41,62223.0
2026-03-27,160.11,167.09,159.71,166.71,79020.0
2026-03-30,165.61,168.6,165.15,167.88,61306.0
2026-03-31,164.47,166.11,161.77,161.77,89706.0
2026-04-01,162.87,167.36,161.86,163.01,98331.0
2026-04-02,162.61,162.69,159.21,159.51,91590.0
2026-04-03,159.09,159.55,155.43,155.51,75719.0
2026-04-07,155.54,156.89,154.47,154.87,47255.0
2026-04-08,156.64,160.09,156.64,160.03,81943.0
2026-04-09,158.61,159.02,153.29,153.41,118939.0
2026-04-10,154.21,157.09,153.46,155.29,87891.0
2026-04-13,154.61,156.73,153.62,155.05,59907.0
2026-04-14,155.79,158.68,154.02,157.57,89108.0
2026-04-15,158.65,159.73,157.13,157.41,66863.0
2026-04-16,157.43,157.97,156.57,157.57,54493.0
2026-04-17,157.03,157.03,153.82,153.86,89171.0
2026-04-20,153.61,156.88,151.71,155.21,91233.0
2026-04-21,155.24,158.92,155.11,155.96,79928.0
2026-04-22,154.12,158.1,154.12,156.71,70472.0
2026-04-23,156.6,159.57,156.11,158.15,102520.0
2026-04-24,157.36,159.87,155.74,158.11,92238.0
2026-04-27,157.41,158.03,154.92,155.12,80514.0
2026-04-28,154.88,160.01,154.71,158.22,126775.0
2026-04-29,159.41,166.12,159.22,165.51,195908.0
2026-04-30,164.61,166.99,163.92,165.51,97616.0
2026-05-06,165.5,170.41,165.11,169.79,127733.0
2026-05-07,170.3,173.67,167.36,167.61,103423.0
2026-05-08,167.51,169.78,167.43,167.72,71134.0
2026-05-11,167.11,168.01,164.14,166.32,122537.0
2026-05-12,165.79,166.95,163.37,163.5,81037.0
2026-05-13,163.41,164.36,161.33,163.05,71098.0
2026-05-14,162.21,163.6,158.35,158.35,85949.0
2026-05-15,158.22,160.21,157.18,157.48,70137.0
2026-05-18,157.36,157.48,152.8,153.44,90449.0
2026-05-19,153.11,156.49,153.11,155.26,65190.0
2026-05-20,155.31,155.41,151.91,151.91,81295.0
2026-05-21,151.91,163.0,151.21,155.37,152873.0
2026-05-22,155.11,155.41,150.01,150.11,136239.0
2026-05-25,149.69,152.28,148.47,150.74,69034.0
2026-05-26,149.61,152.7,149.61,150.26,69249.0
2026-05-27,149.91,152.79,147.21,151.11,109337.0
2026-05-28,150.67,151.17,147.11,149.45,96816.0
2026-05-29,149.38,153.03,148.67,150.5,104303.0
2026-06-01,150.32,151.22,147.47,148.1,85597.0
2026-06-02,147.69,147.83,145.38,145.66,82259.0
2026-06-03,145.36,145.39,143.25,143.26,79354.0
2026-06-04,142.0,142.45,140.55,141.26,89145.0
2026-06-05,142.31,144.14,141.6,143.06,77960.0
2026-06-08,142.04,143.67,139.75,141.41,80154.0
2026-06-09,141.55,142.17,139.31,141.0,62916.0
2026-06-10,140.1,142.55,139.67,142.17,65778.0
2026-06-11,141.27,146.32,141.17,145.55,96108.0
2026-06-12,144.52,150.96,142.52,149.71,125936.0
2026-06-15,149.87,149.88,144.67,145.17,94240.0
2026-06-16,144.67,144.87,141.25,141.57,69018.0
2026-06-17,141.36,142.91,141.16,142.02,53958.0
2026-06-18,142.02,143.92,138.68,138.68,104818.0
2026-06-22,138.63,141.17,135.6,140.52,106401.0
2026-06-23,140.0,143.17,137.68,138.05,90101.0
2026-06-24,139.67,141.84,135.32,135.4,106482.0
2026-06-25,133.68,138.11,132.68,136.83,130453.0
2026-06-26,137.65,139.46,132.5,132.65,106566.0
2026-06-29,132.01,138.43,129.33,136.16,158541.0
2026-06-30,135.64,136.16,133.38,134.5,89205.0
2026-07-01,134.4,141.17,133.44,140.37,130570.0
2026-07-02,140.8,142.75,136.58,137.87,134438.0
2026-07-03,139.08,142.73,137.17,138.69,121739.0
2026-07-06,138.52,141.13,136.98,139.27,123219.0
2026-07-07,137.79,138.55,136.04,136.84,83056.0
2026-07-08,136.65,137.82,134.75,136.67,72916.0
2026-07-09,135.47,139.44,134.69,138.17,90373.0
2026-07-10,137.96,142.17,135.9,140.24,112170.0
2026-07-13,138.77,139.64,137.09,138.35,89955.0
2026-07-14,139.28,140.33,137.22,138.63,86751.0
2026-07-15,137.67,146.23,136.82,144.67,190810.0
2026-07-16,144.47,150.55,143.7,148.98,212099.0
2026-07-17,148.98,151.6,146.22,148.1,158473.0
2026-07-20,146.28,153.67,145.43,153.17,164064.0
2026-07-21,151.48,154.67,148.93,150.92,166150.0
2026-07-22,149.67,152.06,148.54,150.94,106336.0
2026-07-23,149.17,150.17,147.68,149.47,78330.0
2026-07-24,148.7,150.63,145.05,145.05,89637.0
2026-07-27,144.32,147.95,144.17,147.23,67987.0
2026-07-28,147.33,150.77,146.6,149.21,89110.0
2026-07-29,149.67,154.32,149.25,153.55,133535.0
2026-07-30,153.67,160.67,152.92,160.29,177697.0
2026-07-31,157.04,158.5,156.27,157.55,112421.0
2026-08-03,157.61,158.16,155.31,155.56,69364.0
2026-08-04,155.55,156.24,152.66,152.94,112319.0
2026-08-05,153.66,153.7,151.62,152.97,82153.0
2026-08-06,152.99,153.66,148.29,148.42,120380.0
2026-08-07,147.68,150.08,147.04,150.08,105139.0
2026-08-10,150.67,156.19,150.53,154.25,140125.0
2026-08-11,153.53,154.63,151.95,152.16,90603.0
2026-08-12,151.87,153.85,151.37,152.27,64075.0
2026-08-13,151.47,154.41,149.87,152.06,91709.0
2026-08-14,152.12,153.14,148.8,149.14,65278.0
2026-08-17,148.63,148.95,146.06,148.38,69786.0
2026-08-18,147.79,149.46,146.99,149.22,59357.0
2026-08-19,149.87,150.32,147.75,149.3,66809.0
2026-08-20,150.67,158.36,149.95,156.74,163235.0
2026-08-21,156.67,157.67,152.56,153.12,79711.0
2026-08-24,152.67,157.64,151.68,157.35,118995.0
2026-08-25,157.14,161.33,156.7,160.79,119545.0
2026-08-26,160.17,162.42,159.39,159.72,81372.0
2026-08-27,158.97,161.33,158.68,160.7,58425.0
2026-08-28,160.05,163.42,159.9,162.97,67411.0
2026-08-31,166.67,168.57,163.84,164.02,177380.0
2026-09-01,164.07,170.66,162.87,167.75,152758.0
2026-09-02,167.03,168.21,164.97,166.59,84926.0
2026-09-03,166.56,168.27,165.25,166.34,71187.0
2026-09-04,165.68,170.26,164.8,168.58,100549.0
2026-09-07,168.67,169.17,166.03,167.87,79391.0
2026-09-08,168.0,170.67,166.2,169.95,72287.0
2026-09-09,169.35,169.47,163.11,165.2,113138.0
2026-09-10,165.97,166.92,163.9,165.7,65017.0
2026-09-11,165.2,165.2,162.0,162.73,73232.0
2026-09-14,162.0,163.94,159.36,160.1,65612.0
2026-09-15,159.85,161.27,159.37,160.3,41232.0
2026-09-16,160.0,160.5,157.71,158.03,53088.0
2026-09-17,157.88,158.95,156.67,156.8,44592.0
2026-09-18,156.85,157.99,156.3,156.87,49571.0
2026-09-21,157.12,159.09,156.01,158.05,65393.0
2026-09-22,158.2,159.16,156.41,156.68,59199.0
2026-09-23,156.5,158.0,155.3,155.46,46295.0
